graph_label,graph_family,method,n,m,max_degree,max_congestion,runtime_seconds,status
house_of_graphs_0001,.,kolman,14,13,13,1,0.0,ok
house_of_graphs_0001,.,okamoto_exact,14,13,13,1,5.57,ok
house_of_graphs_0021,.,kolman,14,13,6,1,0.0,ok
house_of_graphs_0021,.,okamoto_exact,14,13,6,1,7.07,ok
house_of_graphs_0041,.,kolman,14,21,3,5,0.01,ok
house_of_graphs_0041,.,okamoto_exact,14,21,3,5,7.66,ok
house_of_graphs_0061,.,kolman,14,36,6,12,0.01,ok
house_of_graphs_0061,.,okamoto_exact,14,36,6,12,7.02,ok
house_of_graphs_0081,.,kolman,19,52,6,20,0.34,ok
house_of_graphs_0081,.,okamoto_exact,19,52,6,13,5143.73,ok
house_of_graphs_0101,.,kolman,19,53,7,21,0.38,ok
house_of_graphs_0101,.,okamoto_exact,19,53,7,12,5745.5,ok
house_of_graphs_0121,.,kolman,19,51,7,17,0.39,ok
house_of_graphs_0121,.,okamoto_exact,19,51,7,12,2976.66,ok
house_of_graphs_0141,.,kolman,19,56,7,23,0.26,ok
house_of_graphs_0141,.,okamoto_exact,19,56,7,14,2760.04,ok
house_of_graphs_0161,.,kolman,18,27,3,5,0.07,ok
house_of_graphs_0161,.,okamoto_exact,18,27,3,5,818.56,ok
house_of_graphs_0181,.,kolman,17,37,5,13,0.07,ok
house_of_graphs_0181,.,okamoto_exact,17,37,5,9,269.76,ok
house_of_graphs_0201,.,kolman,18,27,3,6,0.08,ok
house_of_graphs_0201,.,okamoto_exact,18,27,3,5,792.27,ok
house_of_graphs_0221,.,kolman,18,28,4,8,0.11,ok
house_of_graphs_0221,.,okamoto_exact,18,28,4,5,780.91,ok
house_of_graphs_0241,.,kolman,19,33,6,10,0.34,ok
house_of_graphs_0241,.,okamoto_exact,19,33,6,6,2072.2,ok
house_of_graphs_0261,.,kolman,16,24,4,5,0.02,ok
house_of_graphs_0261,.,okamoto_exact,16,24,4,5,91.4,ok
house_of_graphs_0281,.,kolman,19,36,6,11,0.31,ok
house_of_graphs_0281,.,okamoto_exact,19,36,6,7,4794.9,ok
house_of_graphs_0301,.,kolman,16,24,3,5,0.02,ok
house_of_graphs_0301,.,okamoto_exact,16,24,3,5,72.04,ok
house_of_graphs_0321,.,kolman,18,27,3,6,0.07,ok
house_of_graphs_0321,.,okamoto_exact,18,27,3,5,810.35,ok
house_of_graphs_0341,.,kolman,17,68,8,28,0.17,ok
house_of_graphs_0341,.,okamoto_exact,17,68,8,14,176.64,ok
house_of_graphs_0361,.,kolman,14,13,6,1,0.0,ok
house_of_graphs_0361,.,okamoto_exact,14,13,6,1,6.0,ok
house_of_graphs_0381,.,kolman,18,27,3,8,0.11,ok
house_of_graphs_0381,.,okamoto_exact,18,27,3,6,782.77,ok
house_of_graphs_0401,.,kolman,16,72,9,28,0.06,ok
house_of_graphs_0401,.,okamoto_exact,16,72,9,16,58.44,ok
house_of_graphs_0421,.,kolman,15,14,4,1,0.0,ok
house_of_graphs_0421,.,okamoto_exact,15,14,4,1,21.86,ok
house_of_graphs_0441,.,kolman,18,27,3,7,0.08,ok
house_of_graphs_0441,.,okamoto_exact,18,27,3,6,792.04,ok
house_of_graphs_0461,.,kolman,18,27,3,8,0.11,ok
house_of_graphs_0461,.,okamoto_exact,18,27,3,6,772.47,ok
house_of_graphs_0481,.,kolman,18,43,9,9,0.06,ok
house_of_graphs_0481,.,okamoto_exact,18,43,9,7,994.74,ok
house_of_graphs_0501,.,kolman,19,46,11,12,0.13,ok
house_of_graphs_0501,.,okamoto_exact,19,46,11,8,2885.14,ok
house_of_graphs_0521,.,kolman,19,47,11,12,0.25,ok
house_of_graphs_0521,.,okamoto_exact,19,47,11,9,3211.91,ok
house_of_graphs_0541,.,kolman,19,45,9,9,0.29,ok
house_of_graphs_0541,.,okamoto_exact,19,45,9,7,5612.05,ok
house_of_graphs_0561,.,kolman,19,47,10,10,0.19,ok
house_of_graphs_0561,.,okamoto_exact,19,47,10,9,5638.25,ok
house_of_graphs_0581,.,kolman,19,46,9,10,0.16,ok
house_of_graphs_0581,.,okamoto_exact,19,46,9,8,2545.82,ok
house_of_graphs_0601,.,kolman,19,45,10,10,0.19,ok
house_of_graphs_0601,.,okamoto_exact,19,45,10,8,3212.16,ok
house_of_graphs_0621,.,kolman,19,48,10,10,0.23,ok
house_of_graphs_0621,.,okamoto_exact,19,48,10,9,2828.48,ok
house_of_graphs_0641,.,kolman,19,47,11,11,0.19,ok
house_of_graphs_0641,.,okamoto_exact,19,47,11,8,3220.36,ok
house_of_graphs_0661,.,kolman,19,46,10,10,0.3,ok
house_of_graphs_0661,.,okamoto_exact,19,46,10,8,4984.02,ok
house_of_graphs_0681,.,kolman,19,45,9,10,0.18,ok
house_of_graphs_0681,.,okamoto_exact,19,45,9,6,2935.52,ok
house_of_graphs_0701,.,kolman,19,46,9,10,0.17,ok
house_of_graphs_0701,.,okamoto_exact,19,46,9,9,2779.67,ok
house_of_graphs_0721,.,kolman,19,45,9,9,0.19,ok
house_of_graphs_0721,.,okamoto_exact,19,45,9,7,2876.19,ok
house_of_graphs_0741,.,kolman,19,46,10,11,0.22,ok
house_of_graphs_0741,.,okamoto_exact,19,46,10,7,3389.04,ok
house_of_graphs_0761,.,kolman,19,46,10,11,0.12,ok
house_of_graphs_0761,.,okamoto_exact,19,46,10,9,2952.49,ok
house_of_graphs_0781,.,kolman,19,45,10,11,0.27,ok
house_of_graphs_0781,.,okamoto_exact,19,45,10,8,5413.64,ok
house_of_graphs_0801,.,kolman,19,47,9,11,0.18,ok
house_of_graphs_0801,.,okamoto_exact,19,47,9,8,5364.69,ok
house_of_graphs_0821,.,kolman,19,46,9,10,0.19,ok
house_of_graphs_0821,.,okamoto_exact,19,46,9,8,5389.29,ok
house_of_graphs_0841,.,kolman,19,46,9,11,0.17,ok
house_of_graphs_0841,.,okamoto_exact,19,46,9,9,2520.91,ok
house_of_graphs_0861,.,kolman,19,43,8,9,0.18,ok
house_of_graphs_0861,.,okamoto_exact,19,43,8,7,3060.99,ok
house_of_graphs_0881,.,kolman,16,23,4,7,0.02,ok
house_of_graphs_0881,.,okamoto_exact,16,23,4,5,96.94,ok
house_of_graphs_0901,.,kolman,17,24,4,5,0.04,ok
house_of_graphs_0901,.,okamoto_exact,17,24,4,5,297.9,ok
house_of_graphs_0921,.,kolman,18,26,4,7,0.08,ok
house_of_graphs_0921,.,okamoto_exact,18,26,4,5,979.13,ok
house_of_graphs_0941,.,kolman,18,26,5,8,0.11,ok
house_of_graphs_0941,.,okamoto_exact,18,26,5,5,1001.82,ok
house_of_graphs_0961,.,kolman,18,26,4,6,0.11,ok
house_of_graphs_0961,.,okamoto_exact,18,26,4,5,1053.41,ok
house_of_graphs_0981,.,kolman,18,26,4,7,0.11,ok
house_of_graphs_0981,.,okamoto_exact,18,26,4,5,1013.11,ok
house_of_graphs_1001,.,kolman,18,24,4,5,0.11,ok
house_of_graphs_1001,.,okamoto_exact,18,24,4,4,886.73,ok
house_of_graphs_1021,.,kolman,18,26,4,8,0.11,ok
house_of_graphs_1021,.,okamoto_exact,18,26,4,5,1053.93,ok
house_of_graphs_1041,.,kolman,18,26,5,6,0.11,ok
house_of_graphs_1041,.,okamoto_exact,18,26,5,5,1057.01,ok
house_of_graphs_1061,.,kolman,18,25,4,6,0.13,ok
house_of_graphs_1061,.,okamoto_exact,18,25,4,5,1006.07,ok
house_of_graphs_1081,.,kolman,18,24,4,7,0.11,ok
house_of_graphs_1081,.,okamoto_exact,18,24,4,4,899.58,ok
house_of_graphs_1101,.,kolman,18,25,4,6,0.07,ok
house_of_graphs_1101,.,okamoto_exact,18,25,4,4,888.58,ok
house_of_graphs_1121,.,kolman,18,25,4,7,0.13,ok
house_of_graphs_1121,.,okamoto_exact,18,25,4,5,1047.2,ok
house_of_graphs_1141,.,kolman,18,27,5,8,0.07,ok
house_of_graphs_1141,.,okamoto_exact,18,27,5,6,995.2,ok
house_of_graphs_1161,.,kolman,18,27,4,7,0.13,ok
house_of_graphs_1161,.,okamoto_exact,18,27,4,5,1048.13,ok
house_of_graphs_1181,.,kolman,18,25,4,5,0.07,ok
house_of_graphs_1181,.,okamoto_exact,18,25,4,5,1016.1,ok
house_of_graphs_1201,.,kolman,18,27,4,7,0.29,ok
house_of_graphs_1201,.,okamoto_exact,18,27,4,5,1045.2,ok
house_of_graphs_1221,.,kolman,18,24,4,6,0.07,ok
house_of_graphs_1221,.,okamoto_exact,18,24,4,5,1072.82,ok
house_of_graphs_1241,.,kolman,18,25,4,6,0.11,ok
house_of_graphs_1241,.,okamoto_exact,18,25,4,5,1039.38,ok
house_of_graphs_1261,.,kolman,18,25,4,7,0.07,ok
house_of_graphs_1261,.,okamoto_exact,18,25,4,5,982.45,ok
house_of_graphs_1281,.,kolman,14,28,4,6,0.04,ok
house_of_graphs_1281,.,okamoto_exact,14,28,4,4,6.71,ok
house_of_graphs_1301,.,kolman,19,38,4,6,0.44,ok
house_of_graphs_1301,.,okamoto_exact,19,38,4,6,4483.4,ok
house_of_graphs_1321,.,kolman,18,54,6,12,0.07,ok
house_of_graphs_1321,.,okamoto_exact,18,54,6,10,1039.63,ok
house_of_graphs_1341,.,kolman,14,21,3,4,0.19,ok
house_of_graphs_1341,.,okamoto_exact,14,21,3,3,7.72,ok
house_of_graphs_1361,.,kolman,16,59,9,24,0.02,ok
house_of_graphs_1361,.,okamoto_exact,16,59,9,13,85.66,ok
house_of_graphs_1381,.,kolman,19,70,11,19,0.18,ok
house_of_graphs_1381,.,okamoto_exact,19,70,11,14,2684.88,ok
house_of_graphs_1401,.,kolman,19,79,11,22,0.34,ok
house_of_graphs_1401,.,okamoto_exact,19,79,11,16,5936.66,ok
house_of_graphs_1421,.,kolman,14,28,4,8,0.01,ok
house_of_graphs_1421,.,okamoto_exact,14,28,4,8,6.37,ok
house_of_graphs_1441,.,kolman,18,36,4,6,0.07,ok
house_of_graphs_1441,.,okamoto_exact,18,36,4,6,863.66,ok
house_of_graphs_1461,.,kolman,16,96,12,46,0.08,ok
house_of_graphs_1461,.,okamoto_exact,16,96,12,22,48.45,ok
house_of_graphs_1481,.,kolman,19,171,18,88,0.15,ok
house_of_graphs_1481,.,okamoto_exact,19,171,18,18,952.52,ok
house_of_graphs_1501,.,kolman,14,33,6,12,0.53,ok
house_of_graphs_1501,.,okamoto_exact,14,33,6,8,8.84,ok
house_of_graphs_1521,.,kolman,16,28,5,8,0.02,ok
house_of_graphs_1521,.,okamoto_exact,16,28,5,6,73.97,ok
house_of_graphs_1541,.,kolman,18,48,6,14,0.07,ok
house_of_graphs_1541,.,okamoto_exact,18,48,6,14,709.96,ok
house_of_graphs_1561,.,kolman,16,32,4,10,0.02,ok
house_of_graphs_1561,.,okamoto_exact,16,32,4,8,73.35,ok
house_of_graphs_1581,.,kolman,16,32,4,8,0.13,ok
house_of_graphs_1581,.,okamoto_exact,16,32,4,8,73.8,ok
house_of_graphs_1601,.,kolman,18,36,4,10,0.08,ok
house_of_graphs_1601,.,okamoto_exact,18,36,4,10,628.83,ok
house_of_graphs_1621,.,kolman,16,26,5,8,0.1,ok
house_of_graphs_1621,.,okamoto_exact,16,26,5,6,93.47,ok
house_of_graphs_1641,.,kolman,19,30,6,7,0.29,ok
house_of_graphs_1641,.,okamoto_exact,19,30,6,5,5332.97,ok
house_of_graphs_1661,.,kolman,14,21,3,6,0.01,ok
house_of_graphs_1661,.,okamoto_exact,14,21,3,5,7.57,ok
house_of_graphs_1681,.,kolman,19,42,6,14,0.19,ok
house_of_graphs_1681,.,okamoto_exact,19,42,6,9,5093.09,ok
house_of_graphs_1701,.,kolman,18,54,6,18,0.07,ok
house_of_graphs_1701,.,okamoto_exact,18,54,6,14,699.21,ok
house_of_graphs_1721,.,kolman,14,15,3,3,0.11,ok
house_of_graphs_1721,.,okamoto_exact,14,15,3,3,7.73,ok
house_of_graphs_1741,.,kolman,16,24,3,5,0.02,ok
house_of_graphs_1741,.,okamoto_exact,16,24,3,4,86.13,ok
house_of_graphs_1761,.,kolman,16,32,10,11,0.02,ok
house_of_graphs_1761,.,okamoto_exact,16,32,10,10,84.7,ok
house_of_graphs_1781,.,kolman,15,50,10,24,0.02,ok
house_of_graphs_1781,.,okamoto_exact,15,50,10,13,23.29,ok
house_of_graphs_1801,.,kolman,17,42,14,24,0.03,ok
house_of_graphs_1801,.,okamoto_exact,17,42,14,15,259.04,ok
house_of_graphs_1821,.,kolman,19,78,13,39,0.11,ok
house_of_graphs_1821,.,okamoto_exact,19,78,13,17,2094.16,ok
house_of_graphs_1841,.,kolman,19,43,6,14,0.11,ok
house_of_graphs_1841,.,okamoto_exact,19,43,6,10,2426.71,ok
house_of_graphs_1861,.,kolman,15,23,4,5,0.01,ok
house_of_graphs_1861,.,okamoto_exact,15,23,4,4,25.67,ok
house_of_graphs_1881,.,kolman,14,16,3,3,0.01,ok
house_of_graphs_1881,.,okamoto_exact,14,16,3,3,7.9,ok
house_of_graphs_1901,.,kolman,15,16,3,3,0.02,ok
house_of_graphs_1901,.,okamoto_exact,15,16,3,3,25.64,ok
house_of_graphs_1921,.,kolman,19,32,8,7,0.13,ok
house_of_graphs_1921,.,okamoto_exact,19,32,8,5,3174.81,ok
house_of_graphs_1941,.,kolman,14,7,1,,,invalid_graph
house_of_graphs_1941,.,okamoto_exact,14,7,1,,,invalid_graph
house_of_graphs_1961,.,kolman,14,29,6,7,0.01,ok
house_of_graphs_1961,.,okamoto_exact,14,29,6,5,7.58,ok
house_of_graphs_1981,.,kolman,16,56,7,16,0.02,ok
house_of_graphs_1981,.,okamoto_exact,16,56,7,15,62.44,ok
house_of_graphs_0002,.,kolman,15,14,14,1,0.0,ok
house_of_graphs_0002,.,okamoto_exact,15,14,14,1,17.66,ok
house_of_graphs_0022,.,kolman,15,14,5,1,0.0,ok
house_of_graphs_0022,.,okamoto_exact,15,14,5,1,21.94,ok
house_of_graphs_0042,.,kolman,14,21,3,6,0.01,ok
house_of_graphs_0042,.,okamoto_exact,14,21,3,5,6.99,ok
house_of_graphs_0062,.,kolman,18,18,2,,,invalid_graph
house_of_graphs_0062,.,okamoto_exact,18,18,2,,,invalid_graph
house_of_graphs_0082,.,kolman,19,53,6,19,0.26,ok
house_of_graphs_0082,.,okamoto_exact,19,53,6,13,6544.76,ok
house_of_graphs_0102,.,kolman,19,53,6,19,0.21,ok
house_of_graphs_0102,.,okamoto_exact,19,53,6,13,3877.07,ok
house_of_graphs_0122,.,kolman,19,53,7,22,0.19,ok
house_of_graphs_0122,.,okamoto_exact,19,53,7,12,5753.53,ok
house_of_graphs_0142,.,kolman,19,54,8,17,0.19,ok
house_of_graphs_0142,.,okamoto_exact,19,54,8,12,2098.88,ok
house_of_graphs_0162,.,kolman,16,24,3,4,0.02,ok
house_of_graphs_0162,.,okamoto_exact,16,24,3,3,85.55,ok
house_of_graphs_0182,.,kolman,18,43,5,16,0.07,ok
house_of_graphs_0182,.,okamoto_exact,18,43,5,11,868.09,ok
house_of_graphs_0202,.,kolman,16,48,7,20,0.09,ok
house_of_graphs_0202,.,okamoto_exact,16,48,7,13,70.03,ok
house_of_graphs_0222,.,kolman,18,32,5,8,0.08,ok
house_of_graphs_0222,.,okamoto_exact,18,32,5,7,919.13,ok
house_of_graphs_0242,.,kolman,19,32,6,9,0.32,ok
house_of_graphs_0242,.,okamoto_exact,19,32,6,6,4328.57,ok
house_of_graphs_0262,.,kolman,16,18,3,3,0.02,ok
house_of_graphs_0262,.,okamoto_exact,16,18,3,3,86.12,ok
house_of_graphs_0282,.,kolman,19,33,6,8,0.27,ok
house_of_graphs_0282,.,okamoto_exact,19,33,6,6,4247.14,ok
house_of_graphs_0302,.,kolman,16,24,3,6,0.02,ok
house_of_graphs_0302,.,okamoto_exact,16,24,3,4,77.34,ok
house_of_graphs_0322,.,kolman,18,27,3,6,0.08,ok
house_of_graphs_0322,.,okamoto_exact,18,27,3,5,793.27,ok
house_of_graphs_0342,.,kolman,18,27,6,3,0.07,ok
house_of_graphs_0342,.,okamoto_exact,18,27,6,3,1082.85,ok
house_of_graphs_0362,.,kolman,14,15,3,2,0.01,ok
house_of_graphs_0362,.,okamoto_exact,14,15,3,2,8.12,ok
house_of_graphs_0382,.,kolman,18,27,3,8,0.07,ok
house_of_graphs_0382,.,okamoto_exact,18,27,3,6,758.46,ok
house_of_graphs_0402,.,kolman,18,81,9,24,0.06,ok
house_of_graphs_0402,.,okamoto_exact,18,81,9,16,750.99,ok
house_of_graphs_0422,.,kolman,16,15,4,1,0.01,ok
house_of_graphs_0422,.,okamoto_exact,16,15,4,1,0.0,ok
house_of_graphs_0442,.,kolman,18,27,3,6,0.13,ok
house_of_graphs_0442,.,okamoto_exact,18,27,3,6,764.11,ok
house_of_graphs_0462,.,kolman,18,27,3,5,0.11,ok
house_of_graphs_0462,.,okamoto_exact,18,27,3,4,961.55,ok
house_of_graphs_0482,.,kolman,18,44,10,10,0.1,ok
house_of_graphs_0482,.,okamoto_exact,18,44,10,8,802.58,ok
house_of_graphs_0502,.,kolman,19,43,9,11,0.27,ok
house_of_graphs_0502,.,okamoto_exact,19,43,9,6,2661.69,ok
house_of_graphs_0522,.,kolman,19,44,9,9,0.28,ok
house_of_graphs_0522,.,okamoto_exact,19,44,9,7,5505.15,ok
house_of_graphs_0542,.,kolman,19,46,9,9,0.16,ok
house_of_graphs_0542,.,okamoto_exact,19,46,9,8,2595.61,ok
house_of_graphs_0562,.,kolman,19,44,8,8,0.28,ok
house_of_graphs_0562,.,okamoto_exact,19,44,8,7,5450.64,ok
house_of_graphs_0582,.,kolman,19,47,10,10,0.28,ok
house_of_graphs_0582,.,okamoto_exact,19,47,10,9,5386.79,ok
house_of_graphs_0602,.,kolman,19,43,8,8,0.19,ok
house_of_graphs_0602,.,okamoto_exact,19,43,8,6,5493.4,ok
house_of_graphs_0622,.,kolman,19,45,8,8,0.13,ok
house_of_graphs_0622,.,okamoto_exact,19,45,8,7,4897.33,ok
house_of_graphs_0642,.,kolman,19,44,11,11,0.44,ok
house_of_graphs_0642,.,okamoto_exact,19,44,11,7,6579.18,ok
house_of_graphs_0662,.,kolman,19,47,11,11,0.11,ok
house_of_graphs_0662,.,okamoto_exact,19,47,11,9,2762.4,ok
house_of_graphs_0682,.,kolman,19,46,10,11,0.21,ok
house_of_graphs_0682,.,okamoto_exact,19,46,10,7,5106.44,ok
house_of_graphs_0702,.,kolman,19,47,9,11,0.28,ok
house_of_graphs_0702,.,okamoto_exact,19,47,9,8,5355.26,ok
house_of_graphs_0722,.,kolman,19,46,10,10,0.17,ok
house_of_graphs_0722,.,okamoto_exact,19,46,10,8,2889.14,ok
house_of_graphs_0742,.,kolman,19,47,11,12,0.51,ok
house_of_graphs_0742,.,okamoto_exact,19,47,11,8,5569.4,ok
house_of_graphs_0762,.,kolman,19,44,9,10,0.15,ok
house_of_graphs_0762,.,okamoto_exact,19,44,9,7,2705.47,ok
house_of_graphs_0782,.,kolman,19,43,8,9,0.18,ok
house_of_graphs_0782,.,okamoto_exact,19,43,8,6,5446.83,ok
house_of_graphs_0802,.,kolman,19,48,10,12,0.1,ok
house_of_graphs_0802,.,okamoto_exact,19,48,10,9,2579.8,ok
house_of_graphs_0822,.,kolman,19,47,9,10,0.24,ok
house_of_graphs_0822,.,okamoto_exact,19,47,9,9,2719.53,ok
house_of_graphs_0842,.,kolman,19,47,10,12,0.12,ok
house_of_graphs_0842,.,okamoto_exact,19,47,10,10,2280.29,ok
house_of_graphs_0862,.,kolman,19,44,9,11,0.36,ok
house_of_graphs_0862,.,okamoto_exact,19,44,9,8,5425.1,ok
house_of_graphs_0882,.,kolman,16,22,4,5,0.02,ok
house_of_graphs_0882,.,okamoto_exact,16,22,4,5,104.96,ok
house_of_graphs_0902,.,kolman,17,23,4,5,0.05,ok
house_of_graphs_0902,.,okamoto_exact,17,23,4,4,267.65,ok
house_of_graphs_0922,.,kolman,18,27,4,7,0.09,ok
house_of_graphs_0922,.,okamoto_exact,18,27,4,5,1011.49,ok
house_of_graphs_0942,.,kolman,18,24,4,5,0.07,ok
house_of_graphs_0942,.,okamoto_exact,18,24,4,4,842.43,ok
house_of_graphs_0962,.,kolman,18,26,4,7,0.11,ok
house_of_graphs_0962,.,okamoto_exact,18,26,4,6,991.55,ok
house_of_graphs_0982,.,kolman,18,26,4,8,0.1,ok
house_of_graphs_0982,.,okamoto_exact,18,26,4,5,976.51,ok
house_of_graphs_1002,.,kolman,18,24,4,7,0.1,ok
house_of_graphs_1002,.,okamoto_exact,18,24,4,5,986.68,ok
house_of_graphs_1022,.,kolman,18,27,5,6,0.11,ok
house_of_graphs_1022,.,okamoto_exact,18,27,5,5,929.73,ok
house_of_graphs_1042,.,kolman,18,25,4,7,0.11,ok
house_of_graphs_1042,.,okamoto_exact,18,25,4,5,975.4,ok
house_of_graphs_1062,.,kolman,18,25,4,7,0.14,ok
house_of_graphs_1062,.,okamoto_exact,18,25,4,5,959.51,ok
house_of_graphs_1082,.,kolman,18,25,5,6,0.07,ok
house_of_graphs_1082,.,okamoto_exact,18,25,5,4,804.09,ok
house_of_graphs_1102,.,kolman,18,25,4,6,0.1,ok
house_of_graphs_1102,.,okamoto_exact,18,25,4,5,957.94,ok
house_of_graphs_1122,.,kolman,18,25,4,8,0.07,ok
house_of_graphs_1122,.,okamoto_exact,18,25,4,5,989.53,ok
house_of_graphs_1142,.,kolman,18,26,4,8,0.1,ok
house_of_graphs_1142,.,okamoto_exact,18,26,4,5,956.45,ok
house_of_graphs_1162,.,kolman,18,24,4,7,0.1,ok
house_of_graphs_1162,.,okamoto_exact,18,24,4,5,995.39,ok
house_of_graphs_1182,.,kolman,18,25,4,5,0.07,ok
house_of_graphs_1182,.,okamoto_exact,18,25,4,5,1069.38,ok
house_of_graphs_1202,.,kolman,18,27,4,7,0.11,ok
house_of_graphs_1202,.,okamoto_exact,18,27,4,6,1050.19,ok
house_of_graphs_1222,.,kolman,18,25,5,5,0.24,ok
house_of_graphs_1222,.,okamoto_exact,18,25,5,5,1065.91,ok
house_of_graphs_1242,.,kolman,18,25,4,7,0.11,ok
house_of_graphs_1242,.,okamoto_exact,18,25,4,5,1013.77,ok
house_of_graphs_1262,.,kolman,18,25,4,5,0.07,ok
house_of_graphs_1262,.,okamoto_exact,18,25,4,5,1009.87,ok
house_of_graphs_1282,.,kolman,14,35,5,8,0.05,ok
house_of_graphs_1282,.,okamoto_exact,14,35,5,5,10.43,ok
house_of_graphs_1302,.,kolman,19,38,4,6,0.18,ok
house_of_graphs_1302,.,okamoto_exact,19,38,4,6,2290.64,ok
house_of_graphs_1322,.,kolman,18,54,6,12,0.07,ok
house_of_graphs_1322,.,okamoto_exact,18,54,6,10,1051.11,ok
house_of_graphs_1342,.,kolman,14,21,3,5,0.05,ok
house_of_graphs_1342,.,okamoto_exact,14,21,3,3,8.09,ok
house_of_graphs_1362,.,kolman,16,51,9,16,0.06,ok
house_of_graphs_1362,.,okamoto_exact,16,51,9,11,93.38,ok
house_of_graphs_1382,.,kolman,19,68,11,20,0.27,ok
house_of_graphs_1382,.,okamoto_exact,19,68,11,12,5278.48,ok
house_of_graphs_1402,.,kolman,19,70,14,21,0.2,ok
house_of_graphs_1402,.,okamoto_exact,19,70,14,13,3085.15,ok
house_of_graphs_1422,.,kolman,15,30,4,10,0.01,ok
house_of_graphs_1422,.,okamoto_exact,15,30,4,8,22.47,ok
house_of_graphs_1442,.,kolman,16,24,3,6,0.03,ok
house_of_graphs_1442,.,okamoto_exact,16,24,3,5,75.96,ok
house_of_graphs_1462,.,kolman,16,112,14,54,0.02,ok
house_of_graphs_1462,.,okamoto_exact,16,112,14,26,47.71,ok
house_of_graphs_1482,.,kolman,19,30,6,6,0.3,ok
house_of_graphs_1482,.,okamoto_exact,19,30,6,5,4379.03,ok
house_of_graphs_1502,.,kolman,18,27,3,5,0.08,ok
house_of_graphs_1502,.,okamoto_exact,18,27,3,4,844.4,ok
house_of_graphs_1522,.,kolman,18,27,3,7,0.1,ok
house_of_graphs_1522,.,okamoto_exact,18,27,3,5,1017.25,ok
house_of_graphs_1542,.,kolman,18,24,4,6,0.07,ok
house_of_graphs_1542,.,okamoto_exact,18,24,4,6,875.45,ok
house_of_graphs_1562,.,kolman,18,36,4,10,0.12,ok
house_of_graphs_1562,.,okamoto_exact,18,36,4,8,786.68,ok
house_of_graphs_1582,.,kolman,16,32,4,10,0.02,ok
house_of_graphs_1582,.,okamoto_exact,16,32,4,8,79.08,ok
house_of_graphs_1602,.,kolman,18,36,4,12,0.09,ok
house_of_graphs_1602,.,okamoto_exact,18,36,4,10,659.83,ok
house_of_graphs_1622,.,kolman,16,26,5,8,0.11,ok
house_of_graphs_1622,.,okamoto_exact,16,26,5,6,98.74,ok
house_of_graphs_1642,.,kolman,19,30,6,7,0.4,ok
house_of_graphs_1642,.,okamoto_exact,19,30,6,5,2737.02,ok
house_of_graphs_1662,.,kolman,14,21,3,7,0.01,ok
house_of_graphs_1662,.,okamoto_exact,14,21,3,5,7.81,ok
house_of_graphs_1682,.,kolman,16,48,6,16,0.02,ok
house_of_graphs_1682,.,okamoto_exact,16,48,6,14,55.98,ok
house_of_graphs_1702,.,kolman,18,27,3,5,0.09,ok
house_of_graphs_1702,.,okamoto_exact,18,27,3,5,1014.48,ok
house_of_graphs_1722,.,kolman,14,36,8,14,0.04,ok
house_of_graphs_1722,.,okamoto_exact,14,36,8,12,7.25,ok
house_of_graphs_1742,.,kolman,16,32,4,8,0.02,ok
house_of_graphs_1742,.,okamoto_exact,16,32,4,6,81.3,ok
house_of_graphs_1762,.,kolman,16,31,10,11,0.03,ok
house_of_graphs_1762,.,okamoto_exact,16,31,10,9,77.06,ok
house_of_graphs_1782,.,kolman,15,44,11,22,0.01,ok
house_of_graphs_1782,.,okamoto_exact,15,44,11,13,26.14,ok
house_of_graphs_1802,.,kolman,17,30,15,15,0.05,ok
house_of_graphs_1802,.,okamoto_exact,17,30,15,15,187.86,ok
house_of_graphs_1822,.,kolman,19,70,14,38,0.28,ok
house_of_graphs_1822,.,okamoto_exact,19,70,14,17,4077.63,ok
house_of_graphs_1842,.,kolman,18,64,8,25,0.07,ok
house_of_graphs_1842,.,okamoto_exact,18,64,8,17,747.74,ok
house_of_graphs_1862,.,kolman,15,26,5,7,0.11,ok
house_of_graphs_1862,.,okamoto_exact,15,26,5,6,30.75,ok
house_of_graphs_1882,.,kolman,17,21,5,4,0.04,ok
house_of_graphs_1882,.,okamoto_exact,17,21,5,3,288.07,ok
house_of_graphs_1902,.,kolman,16,17,3,3,0.04,ok
house_of_graphs_1902,.,okamoto_exact,16,17,3,3,89.78,ok
house_of_graphs_1922,.,kolman,19,32,5,8,0.25,ok
house_of_graphs_1922,.,okamoto_exact,19,32,5,7,2702.66,ok
house_of_graphs_1942,.,kolman,16,8,1,,,invalid_graph
house_of_graphs_1942,.,okamoto_exact,16,8,1,,,invalid_graph
house_of_graphs_1962,.,kolman,18,40,8,11,0.07,ok
house_of_graphs_1962,.,okamoto_exact,18,40,8,8,1099.71,ok
house_of_graphs_1982,.,kolman,18,63,7,18,0.11,ok
house_of_graphs_1982,.,okamoto_exact,18,63,7,15,831.67,ok
house_of_graphs_0003,.,kolman,14,13,7,1,0.0,ok
house_of_graphs_0003,.,okamoto_exact,14,13,7,1,6.69,ok
house_of_graphs_0023,.,kolman,15,14,3,1,0.0,ok
house_of_graphs_0023,.,okamoto_exact,15,14,3,1,23.82,ok
house_of_graphs_0043,.,kolman,18,27,3,8,0.08,ok
house_of_graphs_0043,.,okamoto_exact,18,27,3,6,1027.1,ok
house_of_graphs_0063,.,kolman,15,15,2,,,invalid_graph
house_of_graphs_0063,.,okamoto_exact,15,15,2,,,invalid_graph
house_of_graphs_0083,.,kolman,19,55,6,18,0.19,ok
house_of_graphs_0083,.,okamoto_exact,19,55,6,14,4023.39,ok
house_of_graphs_0103,.,kolman,19,58,7,22,0.18,ok
house_of_graphs_0103,.,okamoto_exact,19,58,7,14,2057.69,ok
house_of_graphs_0123,.,kolman,19,51,6,18,0.18,ok
house_of_graphs_0123,.,okamoto_exact,19,51,6,12,5817.05,ok
house_of_graphs_0143,.,kolman,16,20,4,,,invalid_graph
house_of_graphs_0143,.,okamoto_exact,16,20,4,,,invalid_graph
house_of_graphs_0163,.,kolman,18,27,3,5,0.08,ok
house_of_graphs_0163,.,okamoto_exact,18,27,3,3,881.62,ok
house_of_graphs_0183,.,kolman,18,43,5,16,0.08,ok
house_of_graphs_0183,.,okamoto_exact,18,43,5,11,822.78,ok
house_of_graphs_0203,.,kolman,16,56,7,23,0.09,ok
house_of_graphs_0203,.,okamoto_exact,16,56,7,15,64.88,ok
house_of_graphs_0223,.,kolman,18,29,4,8,0.09,ok
house_of_graphs_0223,.,okamoto_exact,18,29,4,6,1000.67,ok
house_of_graphs_0243,.,kolman,19,32,6,8,0.22,ok
house_of_graphs_0243,.,okamoto_exact,19,32,6,6,2835.34,ok
house_of_graphs_0263,.,kolman,18,35,6,9,0.07,ok
house_of_graphs_0263,.,okamoto_exact,18,35,6,6,1055.88,ok
house_of_graphs_0283,.,kolman,19,33,6,7,0.35,ok
house_of_graphs_0283,.,okamoto_exact,19,33,6,6,4485.12,ok
house_of_graphs_0303,.,kolman,16,24,3,5,0.02,ok
house_of_graphs_0303,.,okamoto_exact,16,24,3,4,84.97,ok
house_of_graphs_0323,.,kolman,18,27,3,7,0.08,ok
house_of_graphs_0323,.,okamoto_exact,18,27,3,5,819.31,ok
house_of_graphs_0343,.,kolman,19,18,3,1,0.0,ok
house_of_graphs_0343,.,okamoto_exact,19,18,3,1,2745.6,ok
house_of_graphs_0363,.,kolman,14,15,3,2,0.04,ok
house_of_graphs_0363,.,okamoto_exact,14,15,3,2,8.2,ok
house_of_graphs_0383,.,kolman,14,35,5,11,0.04,ok
house_of_graphs_0383,.,okamoto_exact,14,35,5,8,7.12,ok
house_of_graphs_0403,.,kolman,15,75,10,30,0.01,ok
house_of_graphs_0403,.,okamoto_exact,15,75,10,18,15.22,ok
house_of_graphs_0423,.,kolman,17,16,4,1,0.0,ok
house_of_graphs_0423,.,okamoto_exact,17,16,4,1,283.26,ok
house_of_graphs_0443,.,kolman,16,40,5,13,0.03,ok
house_of_graphs_0443,.,okamoto_exact,16,40,5,10,83.02,ok
house_of_graphs_0463,.,kolman,18,27,3,5,0.07,ok
house_of_graphs_0463,.,okamoto_exact,18,27,3,4,957.83,ok
house_of_graphs_0483,.,kolman,18,42,8,10,0.1,ok
house_of_graphs_0483,.,okamoto_exact,18,42,8,8,782.88,ok
house_of_graphs_0503,.,kolman,19,44,10,12,0.21,ok
house_of_graphs_0503,.,okamoto_exact,19,44,10,7,4825.34,ok
house_of_graphs_0523,.,kolman,19,45,10,10,0.17,ok
house_of_graphs_0523,.,okamoto_exact,19,45,10,8,2395.08,ok
house_of_graphs_0543,.,kolman,19,47,10,10,0.27,ok
house_of_graphs_0543,.,okamoto_exact,19,47,10,8,5530.74,ok
house_of_graphs_0563,.,kolman,19,45,9,9,0.16,ok
house_of_graphs_0563,.,okamoto_exact,19,45,9,7,2703.01,ok
house_of_graphs_0583,.,kolman,19,44,8,8,0.11,ok
house_of_graphs_0583,.,okamoto_exact,19,44,8,6,2618.95,ok
house_of_graphs_0603,.,kolman,19,44,8,8,0.18,ok
house_of_graphs_0603,.,okamoto_exact,19,44,8,7,5614.69,ok
house_of_graphs_0623,.,kolman,19,46,9,9,0.29,ok
house_of_graphs_0623,.,okamoto_exact,19,46,9,7,5410.39,ok
house_of_graphs_0643,.,kolman,19,46,13,13,0.11,ok
house_of_graphs_0643,.,okamoto_exact,19,46,13,7,2645.21,ok
house_of_graphs_0663,.,kolman,19,45,10,11,0.14,ok
house_of_graphs_0663,.,okamoto_exact,19,45,10,6,3509.12,ok
house_of_graphs_0683,.,kolman,19,46,9,10,0.11,ok
house_of_graphs_0683,.,okamoto_exact,19,46,9,7,2580.71,ok
house_of_graphs_0703,.,kolman,19,48,10,12,0.19,ok
house_of_graphs_0703,.,okamoto_exact,19,48,10,9,2845.83,ok
house_of_graphs_0723,.,kolman,19,44,9,11,0.36,ok
house_of_graphs_0723,.,okamoto_exact,19,44,9,7,5362.93,ok
house_of_graphs_0743,.,kolman,19,47,10,11,0.18,ok
house_of_graphs_0743,.,okamoto_exact,19,47,10,8,5389.35,ok
house_of_graphs_0763,.,kolman,19,45,10,11,0.26,ok
house_of_graphs_0763,.,okamoto_exact,19,45,10,8,2996.78,ok
house_of_graphs_0783,.,kolman,19,44,9,10,0.19,ok
house_of_graphs_0783,.,okamoto_exact,19,44,9,6,2580.27,ok
house_of_graphs_0803,.,kolman,19,45,9,9,0.32,ok
house_of_graphs_0803,.,okamoto_exact,19,45,9,7,5564.46,ok
house_of_graphs_0823,.,kolman,19,44,9,10,0.16,ok
house_of_graphs_0823,.,okamoto_exact,19,44,9,7,2612.1,ok
house_of_graphs_0843,.,kolman,19,46,9,9,0.48,ok
house_of_graphs_0843,.,okamoto_exact,19,46,9,8,5333.89,ok
house_of_graphs_0863,.,kolman,19,44,8,12,0.34,ok
house_of_graphs_0863,.,okamoto_exact,19,44,8,8,4103.84,ok
house_of_graphs_0883,.,kolman,16,22,4,5,0.02,ok
house_of_graphs_0883,.,okamoto_exact,16,22,4,4,83.87,ok
house_of_graphs_0903,.,kolman,17,23,4,6,0.04,ok
house_of_graphs_0903,.,okamoto_exact,17,23,4,5,310.59,ok
house_of_graphs_0923,.,kolman,18,25,4,7,0.09,ok
house_of_graphs_0923,.,okamoto_exact,18,25,4,4,833.88,ok
house_of_graphs_0943,.,kolman,18,24,4,6,0.07,ok
house_of_graphs_0943,.,okamoto_exact,18,24,4,5,1016.87,ok
house_of_graphs_0963,.,kolman,18,26,4,8,0.1,ok
house_of_graphs_0963,.,okamoto_exact,18,26,4,5,1032.72,ok
house_of_graphs_0983,.,kolman,18,27,5,6,0.11,ok
house_of_graphs_0983,.,okamoto_exact,18,27,5,5,1044.46,ok
house_of_graphs_1003,.,kolman,18,25,5,5,0.11,ok
house_of_graphs_1003,.,okamoto_exact,18,25,5,5,1024.95,ok
house_of_graphs_1023,.,kolman,18,27,5,8,0.07,ok
house_of_graphs_1023,.,okamoto_exact,18,27,5,6,1046.56,ok
house_of_graphs_1043,.,kolman,18,26,4,8,0.11,ok
house_of_graphs_1043,.,okamoto_exact,18,26,4,5,830.79,ok
house_of_graphs_1063,.,kolman,18,26,5,6,0.11,ok
house_of_graphs_1063,.,okamoto_exact,18,26,5,5,981.56,ok
house_of_graphs_1083,.,kolman,18,26,5,6,0.1,ok
house_of_graphs_1083,.,okamoto_exact,18,26,5,5,1018.36,ok
house_of_graphs_1103,.,kolman,18,25,4,7,0.07,ok
house_of_graphs_1103,.,okamoto_exact,18,25,4,5,990.63,ok
house_of_graphs_1123,.,kolman,18,25,4,6,0.11,ok
house_of_graphs_1123,.,okamoto_exact,18,25,4,5,1015.23,ok
house_of_graphs_1143,.,kolman,18,26,4,7,0.1,ok
house_of_graphs_1143,.,okamoto_exact,18,26,4,5,1008.71,ok
house_of_graphs_1163,.,kolman,18,25,4,7,0.11,ok
house_of_graphs_1163,.,okamoto_exact,18,25,4,5,995.28,ok
house_of_graphs_1183,.,kolman,18,25,4,6,0.11,ok
house_of_graphs_1183,.,okamoto_exact,18,25,4,5,1029.42,ok
house_of_graphs_1203,.,kolman,18,28,5,8,0.11,ok
house_of_graphs_1203,.,okamoto_exact,18,28,5,6,982.62,ok
house_of_graphs_1223,.,kolman,18,25,5,6,0.07,ok
house_of_graphs_1223,.,okamoto_exact,18,25,5,5,1022.67,ok
house_of_graphs_1243,.,kolman,18,26,4,7,0.11,ok
house_of_graphs_1243,.,okamoto_exact,18,26,4,5,1022.79,ok
house_of_graphs_1263,.,kolman,18,24,4,5,0.11,ok
house_of_graphs_1263,.,okamoto_exact,18,24,4,4,836.45,ok
house_of_graphs_1283,.,kolman,14,42,6,12,0.01,ok
house_of_graphs_1283,.,okamoto_exact,14,42,6,6,8.62,ok
house_of_graphs_1303,.,kolman,19,38,4,6,0.28,ok
house_of_graphs_1303,.,okamoto_exact,19,38,4,4,4721.11,ok
house_of_graphs_1323,.,kolman,19,57,6,12,0.27,ok
house_of_graphs_1323,.,okamoto_exact,19,57,6,6,4647.58,ok
house_of_graphs_1343,.,kolman,15,24,4,6,0.01,ok
house_of_graphs_1343,.,okamoto_exact,15,24,4,5,24.75,ok
house_of_graphs_1363,.,kolman,16,48,10,14,0.02,ok
house_of_graphs_1363,.,okamoto_exact,16,48,10,9,104.26,ok
house_of_graphs_1383,.,kolman,19,67,11,19,0.13,ok
house_of_graphs_1383,.,okamoto_exact,19,67,11,12,2935.76,ok
house_of_graphs_1403,.,kolman,19,68,13,16,0.3,ok
house_of_graphs_1403,.,okamoto_exact,19,68,13,12,4632.32,ok
house_of_graphs_1423,.,kolman,16,32,4,10,0.02,ok
house_of_graphs_1423,.,okamoto_exact,16,32,4,8,72.6,ok
house_of_graphs_1443,.,kolman,14,21,3,5,0.01,ok
house_of_graphs_1443,.,okamoto_exact,14,21,3,4,7.64,ok
house_of_graphs_1463,.,kolman,16,120,15,60,0.02,ok
house_of_graphs_1463,.,okamoto_exact,16,120,15,15,34.36,ok
house_of_graphs_1483,.,kolman,18,27,3,5,0.09,ok
house_of_graphs_1483,.,okamoto_exact,18,27,3,5,967.65,ok
house_of_graphs_1503,.,kolman,18,27,3,5,0.12,ok
house_of_graphs_1503,.,okamoto_exact,18,27,3,4,1076.33,ok
house_of_graphs_1523,.,kolman,14,21,3,7,0.04,ok
house_of_graphs_1523,.,okamoto_exact,14,21,3,5,7.55,ok
house_of_graphs_1543,.,kolman,16,24,3,6,0.02,ok
house_of_graphs_1543,.,okamoto_exact,16,24,3,5,80.75,ok
house_of_graphs_1563,.,kolman,18,36,4,12,0.08,ok
house_of_graphs_1563,.,okamoto_exact,18,36,4,10,671.81,ok
house_of_graphs_1583,.,kolman,16,32,4,8,0.08,ok
house_of_graphs_1583,.,okamoto_exact,16,32,4,8,75.78,ok
house_of_graphs_1603,.,kolman,18,36,4,12,0.08,ok
house_of_graphs_1603,.,okamoto_exact,18,36,4,10,646.95,ok
house_of_graphs_1623,.,kolman,16,25,5,6,0.08,ok
house_of_graphs_1623,.,okamoto_exact,16,25,5,5,76.12,ok
house_of_graphs_1643,.,kolman,19,30,6,6,0.13,ok
house_of_graphs_1643,.,okamoto_exact,19,30,6,5,3172.3,ok
house_of_graphs_1663,.,kolman,18,36,4,8,0.07,ok
house_of_graphs_1663,.,okamoto_exact,18,36,4,6,788.95,ok
house_of_graphs_1683,.,kolman,15,30,6,8,0.01,ok
house_of_graphs_1683,.,okamoto_exact,15,30,6,6,22.37,ok
house_of_graphs_1703,.,kolman,17,27,4,7,0.04,ok
house_of_graphs_1703,.,okamoto_exact,17,27,4,5,326.6,ok
house_of_graphs_1723,.,kolman,17,45,12,20,0.05,ok
house_of_graphs_1723,.,okamoto_exact,17,45,12,14,325.26,ok
house_of_graphs_1743,.,kolman,18,27,3,5,0.09,ok
house_of_graphs_1743,.,okamoto_exact,18,27,3,4,1120.69,ok
house_of_graphs_1763,.,kolman,17,28,5,6,0.04,ok
house_of_graphs_1763,.,okamoto_exact,17,28,5,5,322.33,ok
house_of_graphs_1783,.,kolman,15,36,12,21,0.03,ok
house_of_graphs_1783,.,okamoto_exact,15,36,12,13,27.05,ok
house_of_graphs_1803,.,kolman,17,16,16,1,0.0,ok
house_of_graphs_1803,.,okamoto_exact,17,16,16,1,242.15,ok
house_of_graphs_1823,.,kolman,19,60,15,30,0.31,ok
house_of_graphs_1823,.,okamoto_exact,19,60,15,17,4132.79,ok
house_of_graphs_1843,.,kolman,17,68,13,33,0.03,ok
house_of_graphs_1843,.,okamoto_exact,17,68,13,14,352.4,ok
house_of_graphs_1863,.,kolman,15,26,6,7,0.04,ok
house_of_graphs_1863,.,okamoto_exact,15,26,6,6,30.23,ok
house_of_graphs_1883,.,kolman,18,54,6,20,0.07,ok
house_of_graphs_1883,.,okamoto_exact,18,54,6,12,741.43,ok
house_of_graphs_1903,.,kolman,17,34,4,8,0.09,ok
house_of_graphs_1903,.,okamoto_exact,17,34,4,8,253.19,ok
house_of_graphs_1923,.,kolman,16,40,5,12,0.04,ok
house_of_graphs_1923,.,okamoto_exact,16,40,5,11,68.12,ok
house_of_graphs_1943,.,kolman,18,9,1,,,invalid_graph
house_of_graphs_1943,.,okamoto_exact,18,9,1,,,invalid_graph
house_of_graphs_1963,.,kolman,19,18,4,1,0.0,ok
house_of_graphs_1963,.,okamoto_exact,19,18,4,1,0.0,ok
house_of_graphs_0004,.,kolman,15,14,8,1,0.0,ok
house_of_graphs_0004,.,okamoto_exact,15,14,8,1,20.37,ok
house_of_graphs_0024,.,kolman,14,13,4,1,0.0,ok
house_of_graphs_0024,.,okamoto_exact,14,13,4,1,6.84,ok
house_of_graphs_0044,.,kolman,17,45,6,14,0.04,ok
house_of_graphs_0044,.,okamoto_exact,17,45,6,10,305.35,ok
house_of_graphs_0064,.,kolman,18,27,3,5,0.07,ok
house_of_graphs_0064,.,okamoto_exact,18,27,3,4,852.38,ok
house_of_graphs_0084,.,kolman,19,54,7,20,0.44,ok
house_of_graphs_0084,.,okamoto_exact,19,54,7,13,5382.94,ok
house_of_graphs_0104,.,kolman,19,57,7,20,0.48,ok
house_of_graphs_0104,.,okamoto_exact,19,57,7,14,5588.78,ok
house_of_graphs_0124,.,kolman,19,51,7,17,0.19,ok
house_of_graphs_0124,.,okamoto_exact,19,51,7,12,5965.15,ok
house_of_graphs_0144,.,kolman,16,20,3,,,invalid_graph
house_of_graphs_0144,.,okamoto_exact,16,20,3,,,invalid_graph
house_of_graphs_0164,.,kolman,16,50,15,22,0.02,ok
house_of_graphs_0164,.,okamoto_exact,16,50,15,7,93.86,ok
house_of_graphs_0184,.,kolman,18,48,12,15,0.11,ok
house_of_graphs_0184,.,okamoto_exact,18,48,12,14,995.35,ok
house_of_graphs_0204,.,kolman,14,26,5,6,0.04,ok
house_of_graphs_0204,.,okamoto_exact,14,26,5,5,8.39,ok
house_of_graphs_0224,.,kolman,18,30,5,10,0.07,ok
house_of_graphs_0224,.,okamoto_exact,18,30,5,7,990.63,ok
house_of_graphs_0244,.,kolman,19,31,6,7,0.29,ok
house_of_graphs_0244,.,okamoto_exact,19,31,6,5,5228.19,ok
house_of_graphs_0264,.,kolman,17,27,5,7,0.04,ok
house_of_graphs_0264,.,okamoto_exact,17,27,5,5,264.54,ok
house_of_graphs_0284,.,kolman,19,34,6,9,0.12,ok
house_of_graphs_0284,.,okamoto_exact,19,34,6,6,2271.28,ok
house_of_graphs_0304,.,kolman,16,24,3,4,0.02,ok
house_of_graphs_0304,.,okamoto_exact,16,24,3,4,106.26,ok
house_of_graphs_0324,.,kolman,18,27,3,7,0.08,ok
house_of_graphs_0324,.,okamoto_exact,18,27,3,5,836.84,ok
house_of_graphs_0344,.,kolman,16,15,3,1,0.0,ok
house_of_graphs_0344,.,okamoto_exact,16,15,3,1,0.0,ok
house_of_graphs_0364,.,kolman,14,14,3,2,0.04,ok
house_of_graphs_0364,.,okamoto_exact,14,14,3,2,8.33,ok
house_of_graphs_0384,.,kolman,16,40,5,9,0.02,ok
house_of_graphs_0384,.,okamoto_exact,16,40,5,8,78.08,ok
house_of_graphs_0404,.,kolman,16,80,10,30,0.02,ok
house_of_graphs_0404,.,okamoto_exact,16,80,10,18,52.93,ok
house_of_graphs_0424,.,kolman,18,17,4,1,0.0,ok
house_of_graphs_0424,.,okamoto_exact,18,17,4,1,0.0,ok
house_of_graphs_0444,.,kolman,16,32,4,8,0.02,ok
house_of_graphs_0444,.,okamoto_exact,16,32,4,8,71.09,ok
house_of_graphs_0464,.,kolman,18,27,3,7,0.08,ok
house_of_graphs_0464,.,okamoto_exact,18,27,3,5,979.74,ok
house_of_graphs_0484,.,kolman,18,43,9,10,0.07,ok
house_of_graphs_0484,.,okamoto_exact,18,43,9,9,806.05,ok
house_of_graphs_0504,.,kolman,19,44,9,10,0.18,ok
house_of_graphs_0504,.,okamoto_exact,19,44,9,6,5392.66,ok
house_of_graphs_0524,.,kolman,19,45,9,12,0.1,ok
house_of_graphs_0524,.,okamoto_exact,19,45,9,7,2545.88,ok
house_of_graphs_0544,.,kolman,19,45,9,9,0.18,ok
house_of_graphs_0544,.,okamoto_exact,19,45,9,7,2718.76,ok
house_of_graphs_0564,.,kolman,19,46,9,10,0.11,ok
house_of_graphs_0564,.,okamoto_exact,19,46,9,8,2810.26,ok
house_of_graphs_0584,.,kolman,19,46,10,10,0.17,ok
house_of_graphs_0584,.,okamoto_exact,19,46,10,8,2712.79,ok
house_of_graphs_0604,.,kolman,19,44,9,9,0.11,ok
house_of_graphs_0604,.,okamoto_exact,19,44,9,7,2817.78,ok
house_of_graphs_0624,.,kolman,19,47,9,10,0.18,ok
house_of_graphs_0624,.,okamoto_exact,19,47,9,8,5577.54,ok
house_of_graphs_0644,.,kolman,19,45,12,14,0.35,ok
house_of_graphs_0644,.,okamoto_exact,19,45,12,6,4499.7,ok
house_of_graphs_0664,.,kolman,19,46,11,12,0.12,ok
house_of_graphs_0664,.,okamoto_exact,19,46,11,7,2904.99,ok
house_of_graphs_0684,.,kolman,19,47,10,11,0.19,ok
house_of_graphs_0684,.,okamoto_exact,19,47,10,8,5641.02,ok
house_of_graphs_0704,.,kolman,19,45,10,12,0.32,ok
house_of_graphs_0704,.,okamoto_exact,19,45,10,7,2905.81,ok
house_of_graphs_0724,.,kolman,19,45,10,12,0.63,ok
house_of_graphs_0724,.,okamoto_exact,19,45,10,8,4570.61,ok
house_of_graphs_0744,.,kolman,19,48,11,12,0.18,ok
house_of_graphs_0744,.,okamoto_exact,19,48,11,9,2761.52,ok
house_of_graphs_0764,.,kolman,19,46,10,10,0.27,ok
house_of_graphs_0764,.,okamoto_exact,19,46,10,6,5458.49,ok
house_of_graphs_0784,.,kolman,19,45,9,10,0.22,ok
house_of_graphs_0784,.,okamoto_exact,19,45,9,7,3580.64,ok
house_of_graphs_0804,.,kolman,19,46,10,10,0.19,ok
house_of_graphs_0804,.,okamoto_exact,19,46,10,7,3292.03,ok
house_of_graphs_0824,.,kolman,19,45,10,11,0.19,ok
house_of_graphs_0824,.,okamoto_exact,19,45,10,8,5468.98,ok
house_of_graphs_0844,.,kolman,19,47,10,10,0.3,ok
house_of_graphs_0844,.,okamoto_exact,19,47,10,8,4561.68,ok
house_of_graphs_0864,.,kolman,19,45,9,11,0.27,ok
house_of_graphs_0864,.,okamoto_exact,19,45,9,9,3216.42,ok
house_of_graphs_0884,.,kolman,17,23,4,5,0.03,ok
house_of_graphs_0884,.,okamoto_exact,17,23,4,4,259.06,ok
house_of_graphs_0904,.,kolman,17,24,4,7,0.05,ok
house_of_graphs_0904,.,okamoto_exact,17,24,4,5,308.02,ok
house_of_graphs_0924,.,kolman,18,25,4,5,0.08,ok
house_of_graphs_0924,.,okamoto_exact,18,25,4,4,870.15,ok
house_of_graphs_0944,.,kolman,18,25,4,9,0.11,ok
house_of_graphs_0944,.,okamoto_exact,18,25,4,5,1061.89,ok
house_of_graphs_0964,.,kolman,18,27,5,8,0.1,ok
house_of_graphs_0964,.,okamoto_exact,18,27,5,5,1010.47,ok
house_of_graphs_0984,.,kolman,18,27,5,8,0.07,ok
house_of_graphs_0984,.,okamoto_exact,18,27,5,5,841.72,ok
house_of_graphs_1004,.,kolman,18,25,4,6,0.1,ok
house_of_graphs_1004,.,okamoto_exact,18,25,4,5,1024.92,ok
house_of_graphs_1024,.,kolman,18,26,4,7,0.1,ok
house_of_graphs_1024,.,okamoto_exact,18,26,4,5,1044.79,ok
house_of_graphs_1044,.,kolman,18,26,4,6,0.11,ok
house_of_graphs_1044,.,okamoto_exact,18,26,4,5,1061.26,ok
house_of_graphs_1064,.,kolman,18,24,4,5,0.07,ok
house_of_graphs_1064,.,okamoto_exact,18,24,4,4,874.69,ok
house_of_graphs_1084,.,kolman,18,25,4,5,0.1,ok
house_of_graphs_1084,.,okamoto_exact,18,25,4,4,852.78,ok
house_of_graphs_1104,.,kolman,18,25,4,7,0.07,ok
house_of_graphs_1104,.,okamoto_exact,18,25,4,5,988.11,ok
house_of_graphs_1124,.,kolman,18,25,4,8,0.11,ok
house_of_graphs_1124,.,okamoto_exact,18,25,4,5,1009.15,ok
house_of_graphs_1144,.,kolman,18,27,5,7,0.11,ok
house_of_graphs_1144,.,okamoto_exact,18,27,5,5,1013.47,ok
house_of_graphs_1164,.,kolman,18,26,4,6,0.1,ok
house_of_graphs_1164,.,okamoto_exact,18,26,4,6,976.5,ok
house_of_graphs_1184,.,kolman,18,25,4,8,0.13,ok
house_of_graphs_1184,.,okamoto_exact,18,25,4,5,1015.83,ok
house_of_graphs_1204,.,kolman,18,24,4,6,0.07,ok
house_of_graphs_1204,.,okamoto_exact,18,24,4,4,837.68,ok
house_of_graphs_1224,.,kolman,18,25,4,6,0.13,ok
house_of_graphs_1224,.,okamoto_exact,18,25,4,5,1026.52,ok
house_of_graphs_1244,.,kolman,18,27,4,7,0.1,ok
house_of_graphs_1244,.,okamoto_exact,18,27,4,6,978.13,ok
house_of_graphs_1264,.,kolman,18,25,4,7,0.1,ok
house_of_graphs_1264,.,okamoto_exact,18,25,4,5,1001.06,ok
house_of_graphs_1284,.,kolman,14,49,7,16,0.03,ok
house_of_graphs_1284,.,okamoto_exact,14,49,7,7,6.48,ok
house_of_graphs_1304,.,kolman,19,38,4,6,0.51,ok
house_of_graphs_1304,.,okamoto_exact,19,38,4,4,4730.91,ok
house_of_graphs_1324,.,kolman,16,56,7,16,0.02,ok
house_of_graphs_1324,.,okamoto_exact,16,56,7,7,99.05,ok
house_of_graphs_1344,.,kolman,16,24,3,6,0.03,ok
house_of_graphs_1344,.,okamoto_exact,16,24,3,4,82.64,ok
house_of_graphs_1364,.,kolman,16,51,10,14,0.03,ok
house_of_graphs_1364,.,okamoto_exact,16,51,10,11,97.35,ok
house_of_graphs_1384,.,kolman,19,71,10,20,0.18,ok
house_of_graphs_1384,.,okamoto_exact,19,71,10,14,5160.54,ok
house_of_graphs_1404,.,kolman,19,73,13,19,0.18,ok
house_of_graphs_1404,.,okamoto_exact,19,73,13,13,5159.41,ok
house_of_graphs_1424,.,kolman,17,34,4,10,0.04,ok
house_of_graphs_1424,.,okamoto_exact,17,34,4,8,236.31,ok
house_of_graphs_1444,.,kolman,14,14,2,2,0.0,ok
house_of_graphs_1444,.,okamoto_exact,14,14,2,2,6.72,ok
house_of_graphs_1464,.,kolman,17,17,2,2,0.04,ok
house_of_graphs_1464,.,okamoto_exact,17,17,2,2,230.7,ok
house_of_graphs_1484,.,kolman,14,21,3,4,0.02,ok
house_of_graphs_1484,.,okamoto_exact,14,21,3,4,7.53,ok
house_of_graphs_1504,.,kolman,18,27,3,5,0.07,ok
house_of_graphs_1504,.,okamoto_exact,18,27,3,4,884.84,ok
house_of_graphs_1524,.,kolman,16,24,3,5,0.02,ok
house_of_graphs_1524,.,okamoto_exact,16,24,3,5,83.89,ok
house_of_graphs_1544,.,kolman,16,24,3,7,0.03,ok
house_of_graphs_1544,.,okamoto_exact,16,24,3,5,80.13,ok
house_of_graphs_1564,.,kolman,16,63,8,26,0.02,ok
house_of_graphs_1564,.,okamoto_exact,16,63,8,14,73.54,ok
house_of_graphs_1584,.,kolman,16,32,4,10,0.03,ok
house_of_graphs_1584,.,okamoto_exact,16,32,4,8,77.78,ok
house_of_graphs_1604,.,kolman,18,27,3,7,0.08,ok
house_of_graphs_1604,.,okamoto_exact,18,27,3,5,993.04,ok
house_of_graphs_1624,.,kolman,16,25,5,7,0.02,ok
house_of_graphs_1624,.,okamoto_exact,16,25,5,5,78.24,ok
house_of_graphs_1644,.,kolman,19,30,6,7,0.2,ok
house_of_graphs_1644,.,okamoto_exact,19,30,6,5,5419.35,ok
house_of_graphs_1664,.,kolman,19,18,9,1,0.0,ok
house_of_graphs_1664,.,okamoto_exact,19,18,9,1,2932.6,ok
house_of_graphs_1684,.,kolman,16,22,5,5,0.05,ok
house_of_graphs_1684,.,okamoto_exact,16,22,5,5,79.86,ok
house_of_graphs_1704,.,kolman,16,24,3,6,0.03,ok
house_of_graphs_1704,.,okamoto_exact,16,24,3,5,80.64,ok
house_of_graphs_1724,.,kolman,16,24,3,5,0.03,ok
house_of_graphs_1724,.,okamoto_exact,16,24,3,4,80.59,ok
house_of_graphs_1744,.,kolman,18,27,3,4,0.08,ok
house_of_graphs_1744,.,okamoto_exact,18,27,3,4,870.65,ok
house_of_graphs_1764,.,kolman,14,24,4,8,0.01,ok
house_of_graphs_1764,.,okamoto_exact,14,24,4,7,8.79,ok
house_of_graphs_1784,.,kolman,15,26,13,13,0.01,ok
house_of_graphs_1784,.,okamoto_exact,15,26,13,13,18.16,ok
house_of_graphs_1804,.,kolman,18,24,4,4,0.08,ok
house_of_graphs_1804,.,okamoto_exact,18,24,4,4,890.28,ok
house_of_graphs_1824,.,kolman,19,48,16,27,0.68,ok
house_of_graphs_1824,.,okamoto_exact,19,48,16,17,4746.59,ok
house_of_graphs_1844,.,kolman,17,68,11,29,0.11,ok
house_of_graphs_1844,.,okamoto_exact,17,68,11,13,366.21,ok
house_of_graphs_1864,.,kolman,15,26,4,8,0.03,ok
house_of_graphs_1864,.,okamoto_exact,15,26,4,6,29.22,ok
house_of_graphs_1884,.,kolman,19,57,6,18,0.21,ok
house_of_graphs_1884,.,okamoto_exact,19,57,6,12,2320.11,ok
house_of_graphs_1904,.,kolman,17,28,4,4,0.03,ok
house_of_graphs_1904,.,okamoto_exact,17,28,4,3,291.54,ok
house_of_graphs_1924,.,kolman,18,21,3,3,0.08,ok
house_of_graphs_1924,.,okamoto_exact,18,21,3,3,892.04,ok
house_of_graphs_1944,.,kolman,19,60,8,25,0.26,ok
house_of_graphs_1944,.,okamoto_exact,19,60,8,14,5854.55,ok
house_of_graphs_1964,.,kolman,14,13,4,1,0.0,ok
house_of_graphs_1964,.,okamoto_exact,14,13,4,1,6.71,ok
house_of_graphs_0005,.,kolman,15,14,5,1,0.0,ok
house_of_graphs_0005,.,okamoto_exact,15,14,5,1,22.52,ok
house_of_graphs_0025,.,kolman,15,14,8,1,0.0,ok
house_of_graphs_0025,.,okamoto_exact,15,14,8,1,21.56,ok
house_of_graphs_0045,.,kolman,15,15,2,,,invalid_graph
house_of_graphs_0045,.,okamoto_exact,15,15,2,,,invalid_graph
house_of_graphs_0065,.,kolman,16,24,3,,,invalid_graph
house_of_graphs_0065,.,okamoto_exact,16,24,3,,,invalid_graph
house_of_graphs_0085,.,kolman,19,57,6,18,0.12,ok
house_of_graphs_0085,.,okamoto_exact,19,57,6,14,2256.66,ok
house_of_graphs_0105,.,kolman,19,60,7,24,0.18,ok
house_of_graphs_0105,.,okamoto_exact,19,60,7,14,4482.97,ok
house_of_graphs_0125,.,kolman,18,27,3,6,0.06,ok
house_of_graphs_0125,.,okamoto_exact,18,27,3,5,799.39,ok
house_of_graphs_0145,.,kolman,17,25,4,5,0.1,ok
house_of_graphs_0145,.,okamoto_exact,17,25,4,4,254.38,ok
house_of_graphs_0165,.,kolman,18,30,4,7,0.09,ok
house_of_graphs_0165,.,okamoto_exact,18,30,4,6,986.8,ok
house_of_graphs_0185,.,kolman,14,36,12,14,0.01,ok
house_of_graphs_0185,.,okamoto_exact,14,36,12,14,7.18,ok
house_of_graphs_0205,.,kolman,14,26,5,8,0.01,ok
house_of_graphs_0205,.,okamoto_exact,14,26,5,5,7.78,ok
house_of_graphs_0225,.,kolman,18,31,5,9,0.09,ok
house_of_graphs_0225,.,okamoto_exact,18,31,5,7,949.65,ok
house_of_graphs_0245,.,kolman,19,31,6,8,0.2,ok
house_of_graphs_0245,.,okamoto_exact,19,31,6,6,4294.84,ok
house_of_graphs_0265,.,kolman,17,28,5,7,0.03,ok
house_of_graphs_0265,.,okamoto_exact,17,28,5,5,253.9,ok
house_of_graphs_0285,.,kolman,19,35,6,12,0.11,ok
house_of_graphs_0285,.,okamoto_exact,19,35,6,7,2731.46,ok
house_of_graphs_0305,.,kolman,14,19,5,6,0.01,ok
house_of_graphs_0305,.,okamoto_exact,14,19,5,4,7.82,ok
house_of_graphs_0325,.,kolman,18,27,3,6,0.06,ok
house_of_graphs_0325,.,okamoto_exact,18,27,3,5,832.3,ok
house_of_graphs_0345,.,kolman,18,25,3,5,0.1,ok
house_of_graphs_0345,.,okamoto_exact,18,25,3,4,1017.15,ok
house_of_graphs_0365,.,kolman,14,21,5,6,0.01,ok
house_of_graphs_0365,.,okamoto_exact,14,21,5,5,9.11,ok
house_of_graphs_0385,.,kolman,18,45,5,9,0.11,ok
house_of_graphs_0385,.,okamoto_exact,18,45,5,7,1012.85,ok
house_of_graphs_0405,.,kolman,17,85,10,34,0.13,ok
house_of_graphs_0405,.,okamoto_exact,17,85,10,18,156.75,ok
house_of_graphs_0425,.,kolman,19,18,4,1,0.0,ok
house_of_graphs_0425,.,okamoto_exact,19,18,4,1,4747.32,ok
house_of_graphs_0445,.,kolman,17,33,4,10,0.03,ok
house_of_graphs_0445,.,okamoto_exact,17,33,4,8,229.62,ok
house_of_graphs_0465,.,kolman,18,27,3,5,0.09,ok
house_of_graphs_0465,.,okamoto_exact,18,27,3,4,963.48,ok
house_of_graphs_0485,.,kolman,18,44,9,10,0.07,ok
house_of_graphs_0485,.,okamoto_exact,18,44,9,8,1000.16,ok
house_of_graphs_0505,.,kolman,19,45,10,11,0.29,ok
house_of_graphs_0505,.,okamoto_exact,19,45,10,7,5403.91,ok
house_of_graphs_0525,.,kolman,19,46,10,11,0.29,ok
house_of_graphs_0525,.,okamoto_exact,19,46,10,8,5369.3,ok
house_of_graphs_0545,.,kolman,19,44,10,10,0.31,ok
house_of_graphs_0545,.,okamoto_exact,19,44,10,6,5608.5,ok
house_of_graphs_0565,.,kolman,19,44,10,10,0.12,ok
house_of_graphs_0565,.,okamoto_exact,19,44,10,7,2785.01,ok
house_of_graphs_0585,.,kolman,19,46,11,11,0.28,ok
house_of_graphs_0585,.,okamoto_exact,19,46,11,7,5436.01,ok
house_of_graphs_0605,.,kolman,19,45,9,9,0.16,ok
house_of_graphs_0605,.,okamoto_exact,19,45,9,8,2638.37,ok
house_of_graphs_0625,.,kolman,19,44,8,8,0.19,ok
house_of_graphs_0625,.,okamoto_exact,19,44,8,7,2936.76,ok
house_of_graphs_0645,.,kolman,19,47,14,14,0.16,ok
house_of_graphs_0645,.,okamoto_exact,19,47,14,7,2583.62,ok
house_of_graphs_0665,.,kolman,19,44,9,11,0.12,ok
house_of_graphs_0665,.,okamoto_exact,19,44,9,6,2945.05,ok
house_of_graphs_0685,.,kolman,19,45,9,11,0.16,ok
house_of_graphs_0685,.,okamoto_exact,19,45,9,7,2772.64,ok
house_of_graphs_0705,.,kolman,19,46,11,13,0.16,ok
house_of_graphs_0705,.,okamoto_exact,19,46,11,8,2637.84,ok
house_of_graphs_0725,.,kolman,19,45,9,11,0.17,ok
house_of_graphs_0725,.,okamoto_exact,19,45,9,7,2902.81,ok
house_of_graphs_0745,.,kolman,19,46,9,11,0.16,ok
house_of_graphs_0745,.,okamoto_exact,19,46,9,8,2417.02,ok
house_of_graphs_0765,.,kolman,19,47,11,11,0.16,ok
house_of_graphs_0765,.,okamoto_exact,19,47,11,7,2754.56,ok
house_of_graphs_0785,.,kolman,19,46,8,10,0.18,ok
house_of_graphs_0785,.,okamoto_exact,19,46,8,8,2893.29,ok
house_of_graphs_0805,.,kolman,19,44,8,8,0.28,ok
house_of_graphs_0805,.,okamoto_exact,19,44,8,8,4368.61,ok
house_of_graphs_0825,.,kolman,19,43,8,10,0.18,ok
house_of_graphs_0825,.,okamoto_exact,19,43,8,7,5600.5,ok
house_of_graphs_0845,.,kolman,19,46,9,9,0.28,ok
house_of_graphs_0845,.,okamoto_exact,19,46,9,7,5349.98,ok
house_of_graphs_0865,.,kolman,19,44,8,9,0.28,ok
house_of_graphs_0865,.,okamoto_exact,19,44,8,7,5333.01,ok
house_of_graphs_0885,.,kolman,17,24,4,6,0.03,ok
house_of_graphs_0885,.,okamoto_exact,17,24,4,5,302.11,ok
house_of_graphs_0905,.,kolman,17,24,4,6,0.05,ok
house_of_graphs_0905,.,okamoto_exact,17,24,4,5,308.24,ok
house_of_graphs_0925,.,kolman,18,26,4,7,0.08,ok
house_of_graphs_0925,.,okamoto_exact,18,26,4,5,979.7,ok
house_of_graphs_0945,.,kolman,18,25,4,6,0.11,ok
house_of_graphs_0945,.,okamoto_exact,18,25,4,5,1013.16,ok
house_of_graphs_0965,.,kolman,18,25,4,6,0.11,ok
house_of_graphs_0965,.,okamoto_exact,18,25,4,5,1007.18,ok
house_of_graphs_0985,.,kolman,18,27,5,9,0.14,ok
house_of_graphs_0985,.,okamoto_exact,18,27,5,6,979.8,ok
house_of_graphs_1005,.,kolman,18,25,4,6,0.14,ok
house_of_graphs_1005,.,okamoto_exact,18,25,4,5,1054.66,ok
house_of_graphs_1025,.,kolman,18,27,5,6,0.07,ok
house_of_graphs_1025,.,okamoto_exact,18,27,5,5,1005.93,ok
house_of_graphs_1045,.,kolman,18,26,4,6,0.13,ok
house_of_graphs_1045,.,okamoto_exact,18,26,4,5,988.21,ok
house_of_graphs_1065,.,kolman,18,25,4,6,0.07,ok
house_of_graphs_1065,.,okamoto_exact,18,25,4,5,982.16,ok
house_of_graphs_1085,.,kolman,18,25,4,6,0.15,ok
house_of_graphs_1085,.,okamoto_exact,18,25,4,5,1023.21,ok
house_of_graphs_1105,.,kolman,18,26,5,7,0.07,ok
house_of_graphs_1105,.,okamoto_exact,18,26,5,5,982.25,ok
house_of_graphs_1125,.,kolman,18,25,4,8,0.1,ok
house_of_graphs_1125,.,okamoto_exact,18,25,4,5,999.34,ok
house_of_graphs_1145,.,kolman,18,25,4,6,0.06,ok
house_of_graphs_1145,.,okamoto_exact,18,25,4,5,967.86,ok
house_of_graphs_1165,.,kolman,18,25,4,7,0.1,ok
house_of_graphs_1165,.,okamoto_exact,18,25,4,5,969.43,ok
house_of_graphs_1185,.,kolman,18,25,4,6,0.1,ok
house_of_graphs_1185,.,okamoto_exact,18,25,4,5,1029.54,ok
house_of_graphs_1205,.,kolman,18,25,4,7,0.06,ok
house_of_graphs_1205,.,okamoto_exact,18,25,4,5,993.29,ok
house_of_graphs_1225,.,kolman,18,26,4,6,0.13,ok
house_of_graphs_1225,.,okamoto_exact,18,26,4,5,983.76,ok
house_of_graphs_1245,.,kolman,18,25,4,5,0.23,ok
house_of_graphs_1245,.,okamoto_exact,18,25,4,5,1017.2,ok
house_of_graphs_1265,.,kolman,18,26,4,8,0.1,ok
house_of_graphs_1265,.,okamoto_exact,18,26,4,6,1014.63,ok
house_of_graphs_1285,.,kolman,15,30,4,6,0.01,ok
house_of_graphs_1285,.,okamoto_exact,15,30,4,4,25.56,ok
house_of_graphs_1305,.,kolman,19,38,4,6,0.22,ok
house_of_graphs_1305,.,okamoto_exact,19,38,4,6,2814.81,ok
house_of_graphs_1325,.,kolman,18,63,7,16,0.07,ok
house_of_graphs_1325,.,okamoto_exact,18,63,7,9,1015.67,ok
house_of_graphs_1345,.,kolman,18,27,3,5,0.1,ok
house_of_graphs_1345,.,okamoto_exact,18,27,3,4,892.36,ok
house_of_graphs_1365,.,kolman,16,49,9,14,0.05,ok
house_of_graphs_1365,.,okamoto_exact,16,49,9,10,104.13,ok
house_of_graphs_1385,.,kolman,19,70,12,18,0.11,ok
house_of_graphs_1385,.,okamoto_exact,19,70,12,13,2739.07,ok
house_of_graphs_1405,.,kolman,19,70,12,17,0.19,ok
house_of_graphs_1405,.,okamoto_exact,19,70,12,13,2570.94,ok
house_of_graphs_1425,.,kolman,14,21,3,5,0.01,ok
house_of_graphs_1425,.,okamoto_exact,14,21,3,4,7.74,ok
house_of_graphs_1445,.,kolman,14,28,4,10,0.01,ok
house_of_graphs_1445,.,okamoto_exact,14,28,4,8,8.29,ok
house_of_graphs_1465,.,kolman,17,136,16,70,0.04,ok
house_of_graphs_1465,.,okamoto_exact,17,136,16,16,104.62,ok
house_of_graphs_1485,.,kolman,16,24,3,6,0.08,ok
house_of_graphs_1485,.,okamoto_exact,16,24,3,5,80.9,ok
house_of_graphs_1505,.,kolman,18,27,3,4,0.07,ok
house_of_graphs_1505,.,okamoto_exact,18,27,3,3,870.04,ok
house_of_graphs_1525,.,kolman,18,36,4,8,0.07,ok
house_of_graphs_1525,.,okamoto_exact,18,36,4,6,854.27,ok
house_of_graphs_1545,.,kolman,14,24,4,6,0.05,ok
house_of_graphs_1545,.,okamoto_exact,14,24,4,6,8.55,ok
house_of_graphs_1565,.,kolman,17,72,9,33,0.04,ok
house_of_graphs_1565,.,okamoto_exact,17,72,9,16,280.77,ok
house_of_graphs_1585,.,kolman,18,36,4,12,0.12,ok
house_of_graphs_1585,.,okamoto_exact,18,36,4,10,621.53,ok
house_of_graphs_1605,.,kolman,16,100,15,46,0.09,ok
house_of_graphs_1605,.,okamoto_exact,16,100,15,15,102.59,ok
house_of_graphs_1625,.,kolman,16,25,5,7,0.03,ok
house_of_graphs_1625,.,okamoto_exact,16,25,5,5,75.78,ok
house_of_graphs_1645,.,kolman,19,30,6,7,0.29,ok
house_of_graphs_1645,.,okamoto_exact,19,30,6,5,5226.85,ok
house_of_graphs_1665,.,kolman,17,39,16,10,0.03,ok
house_of_graphs_1665,.,okamoto_exact,17,39,16,5,303.6,ok
house_of_graphs_1685,.,kolman,14,35,5,13,0.01,ok
house_of_graphs_1685,.,okamoto_exact,14,35,5,11,6.62,ok
house_of_graphs_1705,.,kolman,18,27,3,6,0.07,ok
house_of_graphs_1705,.,okamoto_exact,18,27,3,5,809.43,ok
house_of_graphs_1725,.,kolman,15,27,4,6,0.01,ok
house_of_graphs_1725,.,okamoto_exact,15,27,4,4,24.57,ok
house_of_graphs_1745,.,kolman,18,36,4,8,0.07,ok
house_of_graphs_1745,.,okamoto_exact,18,36,4,6,783.4,ok
house_of_graphs_1765,.,kolman,14,48,8,24,0.04,ok
house_of_graphs_1765,.,okamoto_exact,14,48,8,12,5.03,ok
house_of_graphs_1785,.,kolman,16,24,6,6,0.02,ok
house_of_graphs_1785,.,okamoto_exact,16,24,6,6,76.16,ok
house_of_graphs_1805,.,kolman,18,36,6,12,0.08,ok
house_of_graphs_1805,.,okamoto_exact,18,36,6,10,886.33,ok
house_of_graphs_1825,.,kolman,19,34,17,17,0.12,ok
house_of_graphs_1825,.,okamoto_exact,19,34,17,17,2044.64,ok
house_of_graphs_1845,.,kolman,18,30,4,9,0.07,ok
house_of_graphs_1845,.,okamoto_exact,18,30,4,6,835.75,ok
house_of_graphs_1865,.,kolman,15,26,5,9,0.01,ok
house_of_graphs_1865,.,okamoto_exact,15,26,5,6,27.96,ok
house_of_graphs_1885,.,kolman,19,45,18,12,0.2,ok
house_of_graphs_1885,.,okamoto_exact,19,45,18,4,2123.11,ok
house_of_graphs_1905,.,kolman,14,27,6,9,0.01,ok
house_of_graphs_1905,.,okamoto_exact,14,27,6,6,9.9,ok
house_of_graphs_1925,.,kolman,18,54,6,20,0.11,ok
house_of_graphs_1925,.,okamoto_exact,18,54,6,12,751.77,ok
house_of_graphs_1945,.,kolman,16,33,6,12,0.08,ok
house_of_graphs_1945,.,okamoto_exact,16,33,6,8,69.38,ok
house_of_graphs_1965,.,kolman,16,24,3,5,0.03,ok
house_of_graphs_1965,.,okamoto_exact,16,24,3,5,78.06,ok
house_of_graphs_0006,.,kolman,15,14,7,1,0.0,ok
house_of_graphs_0006,.,okamoto_exact,15,14,7,1,21.32,ok
house_of_graphs_0026,.,kolman,15,14,5,1,0.0,ok
house_of_graphs_0026,.,okamoto_exact,15,14,5,1,21.71,ok
house_of_graphs_0046,.,kolman,16,16,2,,,invalid_graph
house_of_graphs_0046,.,okamoto_exact,16,16,2,,,invalid_graph
house_of_graphs_0066,.,kolman,14,14,2,,,invalid_graph
house_of_graphs_0066,.,okamoto_exact,14,14,2,,,invalid_graph
house_of_graphs_0086,.,kolman,19,52,6,20,0.11,ok
house_of_graphs_0086,.,okamoto_exact,19,52,6,13,2576.87,ok
house_of_graphs_0106,.,kolman,19,61,7,23,0.21,ok
house_of_graphs_0106,.,okamoto_exact,19,61,7,15,4421.37,ok
house_of_graphs_0126,.,kolman,19,82,9,40,0.13,ok
house_of_graphs_0126,.,okamoto_exact,19,82,9,16,2501.14,ok
house_of_graphs_0146,.,kolman,17,25,4,,,invalid_graph
house_of_graphs_0146,.,okamoto_exact,17,25,4,,,invalid_graph
house_of_graphs_0166,.,kolman,19,37,5,12,0.37,ok
house_of_graphs_0166,.,okamoto_exact,19,37,5,8,5174.43,ok
house_of_graphs_0186,.,kolman,14,36,12,13,0.01,ok
house_of_graphs_0186,.,okamoto_exact,14,36,12,13,9.27,ok
house_of_graphs_0206,.,kolman,14,21,3,7,0.01,ok
house_of_graphs_0206,.,okamoto_exact,14,21,3,5,7.49,ok
house_of_graphs_0226,.,kolman,18,28,4,8,0.08,ok
house_of_graphs_0226,.,okamoto_exact,18,28,4,5,834.81,ok
house_of_graphs_0246,.,kolman,19,32,6,11,0.12,ok
house_of_graphs_0246,.,okamoto_exact,19,32,6,6,2196.85,ok
house_of_graphs_0266,.,kolman,18,29,5,7,0.07,ok
house_of_graphs_0266,.,okamoto_exact,18,29,5,5,807.34,ok
house_of_graphs_0286,.,kolman,19,32,6,10,0.16,ok
house_of_graphs_0286,.,okamoto_exact,19,32,6,6,2129.92,ok
house_of_graphs_0306,.,kolman,16,24,3,6,0.02,ok
house_of_graphs_0306,.,okamoto_exact,16,24,3,5,75.63,ok
house_of_graphs_0326,.,kolman,18,27,3,6,0.07,ok
house_of_graphs_0326,.,okamoto_exact,18,27,3,5,789.43,ok
house_of_graphs_0346,.,kolman,18,26,3,5,0.11,ok
house_of_graphs_0346,.,okamoto_exact,18,26,3,5,1010.76,ok
house_of_graphs_0366,.,kolman,14,28,4,6,0.01,ok
house_of_graphs_0366,.,okamoto_exact,14,28,4,6,5.71,ok
house_of_graphs_0386,.,kolman,14,42,6,16,0.01,ok
house_of_graphs_0386,.,okamoto_exact,14,42,6,12,6.45,ok
house_of_graphs_0406,.,kolman,18,90,10,32,0.13,ok
house_of_graphs_0406,.,okamoto_exact,18,90,10,18,552.06,ok
house_of_graphs_0426,.,kolman,14,38,10,16,0.01,ok
house_of_graphs_0426,.,okamoto_exact,14,38,10,10,7.19,ok
house_of_graphs_0446,.,kolman,19,90,10,37,0.28,ok
house_of_graphs_0446,.,okamoto_exact,19,90,10,17,4799.52,ok
house_of_graphs_0466,.,kolman,18,27,3,5,0.06,ok
house_of_graphs_0466,.,okamoto_exact,18,27,3,4,1034.6,ok
house_of_graphs_0486,.,kolman,18,45,10,11,0.1,ok
house_of_graphs_0486,.,okamoto_exact,18,45,10,9,1046.99,ok
house_of_graphs_0506,.,kolman,19,44,9,11,0.13,ok
house_of_graphs_0506,.,okamoto_exact,19,44,9,7,2839.86,ok
house_of_graphs_0526,.,kolman,19,46,10,10,0.2,ok
house_of_graphs_0526,.,okamoto_exact,19,46,10,8,2832.63,ok
house_of_graphs_0546,.,kolman,19,45,9,10,0.15,ok
house_of_graphs_0546,.,okamoto_exact,19,45,9,7,2785.0,ok
house_of_graphs_0566,.,kolman,19,42,8,8,0.19,ok
house_of_graphs_0566,.,okamoto_exact,19,42,8,6,5644.09,ok
house_of_graphs_0586,.,kolman,19,45,10,10,0.1,ok
house_of_graphs_0586,.,okamoto_exact,19,45,10,7,2757.66,ok
house_of_graphs_0606,.,kolman,19,43,8,8,0.28,ok
house_of_graphs_0606,.,okamoto_exact,19,43,8,7,5420.24,ok
house_of_graphs_0626,.,kolman,19,45,9,9,0.28,ok
house_of_graphs_0626,.,okamoto_exact,19,45,9,8,5483.05,ok
house_of_graphs_0646,.,kolman,19,48,13,15,0.1,ok
house_of_graphs_0646,.,okamoto_exact,19,48,13,9,2613.96,ok
house_of_graphs_0666,.,kolman,19,45,10,12,0.33,ok
house_of_graphs_0666,.,okamoto_exact,19,45,10,7,5548.63,ok
house_of_graphs_0686,.,kolman,19,46,10,12,0.33,ok
house_of_graphs_0686,.,okamoto_exact,19,46,10,8,5515.62,ok
house_of_graphs_0706,.,kolman,19,45,10,11,0.2,ok
house_of_graphs_0706,.,okamoto_exact,19,45,10,7,3343.04,ok
house_of_graphs_0726,.,kolman,19,46,10,12,0.16,ok
house_of_graphs_0726,.,okamoto_exact,19,46,10,8,2779.56,ok
house_of_graphs_0746,.,kolman,19,47,10,12,0.34,ok
house_of_graphs_0746,.,okamoto_exact,19,47,10,9,5356.01,ok
house_of_graphs_0766,.,kolman,19,47,10,10,0.12,ok
house_of_graphs_0766,.,okamoto_exact,19,47,10,7,2925.48,ok
house_of_graphs_0786,.,kolman,19,47,10,11,0.19,ok
house_of_graphs_0786,.,okamoto_exact,19,47,10,8,2869.78,ok
house_of_graphs_0806,.,kolman,19,45,9,9,0.27,ok
house_of_graphs_0806,.,okamoto_exact,19,45,9,7,5349.53,ok
house_of_graphs_0826,.,kolman,19,44,9,9,0.19,ok
house_of_graphs_0826,.,okamoto_exact,19,44,9,8,2999.67,ok
house_of_graphs_0846,.,kolman,19,47,10,10,0.16,ok
house_of_graphs_0846,.,okamoto_exact,19,47,10,8,2758.9,ok
house_of_graphs_0866,.,kolman,19,45,9,11,0.32,ok
house_of_graphs_0866,.,okamoto_exact,19,45,9,8,5361.37,ok
house_of_graphs_0886,.,kolman,17,24,4,6,0.03,ok
house_of_graphs_0886,.,okamoto_exact,17,24,4,5,304.56,ok
house_of_graphs_0906,.,kolman,17,25,5,7,0.05,ok
house_of_graphs_0906,.,okamoto_exact,17,25,5,5,318.98,ok
house_of_graphs_0926,.,kolman,18,27,4,7,0.08,ok
house_of_graphs_0926,.,okamoto_exact,18,27,4,5,1013.66,ok
house_of_graphs_0946,.,kolman,18,25,4,5,0.07,ok
house_of_graphs_0946,.,okamoto_exact,18,25,4,5,1035.41,ok
house_of_graphs_0966,.,kolman,18,25,4,5,0.15,ok
house_of_graphs_0966,.,okamoto_exact,18,25,4,5,1024.32,ok
house_of_graphs_0986,.,kolman,18,27,5,9,0.06,ok
house_of_graphs_0986,.,okamoto_exact,18,27,5,6,991.99,ok
house_of_graphs_1006,.,kolman,18,26,4,8,0.11,ok
house_of_graphs_1006,.,okamoto_exact,18,26,4,5,1010.91,ok
house_of_graphs_1026,.,kolman,18,27,5,7,0.06,ok
house_of_graphs_1026,.,okamoto_exact,18,27,5,6,987.38,ok
house_of_graphs_1046,.,kolman,18,26,4,7,0.11,ok
house_of_graphs_1046,.,okamoto_exact,18,26,4,6,990.38,ok
house_of_graphs_1066,.,kolman,18,25,4,5,0.06,ok
house_of_graphs_1066,.,okamoto_exact,18,25,4,5,1014.13,ok
house_of_graphs_1086,.,kolman,18,26,4,6,0.3,ok
house_of_graphs_1086,.,okamoto_exact,18,26,4,5,987.9,ok
house_of_graphs_1106,.,kolman,18,26,4,8,0.1,ok
house_of_graphs_1106,.,okamoto_exact,18,26,4,6,1001.51,ok
house_of_graphs_1126,.,kolman,18,25,4,6,0.14,ok
house_of_graphs_1126,.,okamoto_exact,18,25,4,5,1001.99,ok
house_of_graphs_1146,.,kolman,18,26,4,9,0.1,ok
house_of_graphs_1146,.,okamoto_exact,18,26,4,5,991.61,ok
house_of_graphs_1166,.,kolman,18,24,4,6,0.11,ok
house_of_graphs_1166,.,okamoto_exact,18,24,4,5,1040.77,ok
house_of_graphs_1186,.,kolman,18,25,4,6,0.1,ok
house_of_graphs_1186,.,okamoto_exact,18,25,4,5,1036.21,ok
house_of_graphs_1206,.,kolman,18,26,5,8,0.06,ok
house_of_graphs_1206,.,okamoto_exact,18,26,5,5,1024.06,ok
house_of_graphs_1226,.,kolman,18,26,4,7,0.13,ok
house_of_graphs_1226,.,okamoto_exact,18,26,4,5,985.9,ok
house_of_graphs_1246,.,kolman,18,26,4,7,0.11,ok
house_of_graphs_1246,.,okamoto_exact,18,26,4,5,1024.93,ok
house_of_graphs_1266,.,kolman,18,25,4,5,0.1,ok
house_of_graphs_1266,.,okamoto_exact,18,25,4,5,1025.66,ok
house_of_graphs_1286,.,kolman,15,30,4,6,0.04,ok
house_of_graphs_1286,.,okamoto_exact,15,30,4,4,20.08,ok
house_of_graphs_1306,.,kolman,19,38,4,8,0.12,ok
house_of_graphs_1306,.,okamoto_exact,19,38,4,6,2531.86,ok
house_of_graphs_1326,.,kolman,18,29,4,8,0.07,ok
house_of_graphs_1326,.,okamoto_exact,18,29,4,5,859.36,ok
house_of_graphs_1346,.,kolman,17,26,4,4,0.04,ok
house_of_graphs_1346,.,okamoto_exact,17,26,4,4,264.62,ok
house_of_graphs_1366,.,kolman,16,52,11,14,0.03,ok
house_of_graphs_1366,.,okamoto_exact,16,52,11,11,96.28,ok
house_of_graphs_1386,.,kolman,19,66,12,16,0.18,ok
house_of_graphs_1386,.,okamoto_exact,19,66,12,11,5394.06,ok
house_of_graphs_1406,.,kolman,19,72,12,21,0.23,ok
house_of_graphs_1406,.,okamoto_exact,19,72,12,13,3043.76,ok
house_of_graphs_1426,.,kolman,19,28,3,8,0.11,ok
house_of_graphs_1426,.,okamoto_exact,19,28,3,6,2721.23,ok
house_of_graphs_1446,.,kolman,14,42,6,18,0.01,ok
house_of_graphs_1446,.,okamoto_exact,14,42,6,14,5.32,ok
house_of_graphs_1466,.,kolman,18,18,2,2,0.07,ok
house_of_graphs_1466,.,okamoto_exact,18,18,2,2,735.23,ok
house_of_graphs_1486,.,kolman,16,22,3,6,0.05,ok
house_of_graphs_1486,.,okamoto_exact,16,22,3,5,95.72,ok
house_of_graphs_1506,.,kolman,18,27,3,4,0.06,ok
house_of_graphs_1506,.,okamoto_exact,18,27,3,3,834.92,ok
house_of_graphs_1526,.,kolman,18,27,3,7,0.1,ok
house_of_graphs_1526,.,okamoto_exact,18,27,3,5,819.35,ok
house_of_graphs_1546,.,kolman,16,30,4,6,0.06,ok
house_of_graphs_1546,.,okamoto_exact,16,30,4,5,81.54,ok
house_of_graphs_1566,.,kolman,14,46,7,20,0.01,ok
house_of_graphs_1566,.,okamoto_exact,14,46,7,12,7.45,ok
house_of_graphs_1586,.,kolman,18,36,4,10,0.07,ok
house_of_graphs_1586,.,okamoto_exact,18,36,4,10,611.99,ok
house_of_graphs_1606,.,kolman,15,16,4,3,0.08,ok
house_of_graphs_1606,.,okamoto_exact,15,16,4,3,26.94,ok
house_of_graphs_1626,.,kolman,16,25,5,9,0.02,ok
house_of_graphs_1626,.,okamoto_exact,16,25,5,5,77.52,ok
house_of_graphs_1646,.,kolman,19,30,6,7,0.29,ok
house_of_graphs_1646,.,okamoto_exact,19,30,6,5,2757.57,ok
house_of_graphs_1666,.,kolman,16,26,4,9,0.02,ok
house_of_graphs_1666,.,okamoto_exact,16,26,4,6,98.76,ok
house_of_graphs_1686,.,kolman,16,40,5,15,0.03,ok
house_of_graphs_1686,.,okamoto_exact,16,40,5,11,58.69,ok
house_of_graphs_1706,.,kolman,19,57,6,18,0.18,ok
house_of_graphs_1706,.,okamoto_exact,19,57,6,14,4119.84,ok
house_of_graphs_1726,.,kolman,14,22,4,7,0.01,ok
house_of_graphs_1726,.,okamoto_exact,14,22,4,6,7.21,ok
house_of_graphs_1746,.,kolman,14,23,4,5,0.01,ok
house_of_graphs_1746,.,okamoto_exact,14,23,4,4,7.74,ok
house_of_graphs_1766,.,kolman,14,45,9,22,0.01,ok
house_of_graphs_1766,.,okamoto_exact,14,45,9,12,7.2,ok
house_of_graphs_1786,.,kolman,16,24,6,6,0.02,ok
house_of_graphs_1786,.,okamoto_exact,16,24,6,6,77.39,ok
house_of_graphs_1806,.,kolman,18,54,6,20,0.08,ok
house_of_graphs_1806,.,okamoto_exact,18,54,6,14,772.3,ok
house_of_graphs_1826,.,kolman,19,18,18,1,0.0,ok
house_of_graphs_1826,.,okamoto_exact,19,18,18,1,1916.8,ok
house_of_graphs_1846,.,kolman,14,24,6,8,0.09,ok
house_of_graphs_1846,.,okamoto_exact,14,24,6,7,8.66,ok
house_of_graphs_1866,.,kolman,15,26,5,9,0.01,ok
house_of_graphs_1866,.,okamoto_exact,15,26,5,6,30.04,ok
house_of_graphs_1886,.,kolman,18,19,3,3,0.07,ok
house_of_graphs_1886,.,okamoto_exact,18,19,3,3,902.39,ok
house_of_graphs_1906,.,kolman,17,37,6,6,0.07,ok
house_of_graphs_1906,.,okamoto_exact,17,37,6,4,282.21,ok
house_of_graphs_1926,.,kolman,15,15,4,2,0.01,ok
house_of_graphs_1926,.,okamoto_exact,15,15,4,2,28.18,ok
house_of_graphs_1946,.,kolman,18,25,3,3,0.07,ok
house_of_graphs_1946,.,okamoto_exact,18,25,3,3,1072.26,ok
house_of_graphs_1966,.,kolman,16,24,3,5,0.02,ok
house_of_graphs_1966,.,okamoto_exact,16,24,3,5,78.12,ok
house_of_graphs_0007,.,kolman,15,14,11,1,0.0,ok
house_of_graphs_0007,.,okamoto_exact,15,14,11,1,19.76,ok
house_of_graphs_0027,.,kolman,15,14,3,1,0.0,ok
house_of_graphs_0027,.,okamoto_exact,15,14,3,1,0.0,ok
house_of_graphs_0047,.,kolman,18,45,5,12,0.07,ok
house_of_graphs_0047,.,okamoto_exact,18,45,5,12,725.96,ok
house_of_graphs_0067,.,kolman,16,16,2,,,invalid_graph
house_of_graphs_0067,.,okamoto_exact,16,16,2,,,invalid_graph
house_of_graphs_0087,.,kolman,19,55,6,21,0.38,ok
house_of_graphs_0087,.,okamoto_exact,19,55,6,14,3955.49,ok
house_of_graphs_0107,.,kolman,19,59,7,21,0.31,ok
house_of_graphs_0107,.,okamoto_exact,19,59,7,14,4339.52,ok
house_of_graphs_0127,.,kolman,19,53,8,21,0.12,ok
house_of_graphs_0127,.,okamoto_exact,19,53,8,12,2381.32,ok
house_of_graphs_0147,.,kolman,18,30,4,8,0.07,ok
house_of_graphs_0147,.,okamoto_exact,18,30,4,6,963.84,ok
house_of_graphs_0167,.,kolman,19,37,5,11,0.24,ok
house_of_graphs_0167,.,okamoto_exact,19,37,5,8,2690.93,ok
house_of_graphs_0187,.,kolman,14,36,11,13,0.01,ok
house_of_graphs_0187,.,okamoto_exact,14,36,11,12,7.7,ok
house_of_graphs_0207,.,kolman,19,18,3,1,0.16,ok
house_of_graphs_0207,.,okamoto_exact,19,18,3,1,4726.19,ok
house_of_graphs_0227,.,kolman,19,31,5,7,0.19,ok
house_of_graphs_0227,.,okamoto_exact,19,31,5,6,4386.2,ok
house_of_graphs_0247,.,kolman,19,33,6,10,0.1,ok
house_of_graphs_0247,.,okamoto_exact,19,33,6,7,2705.68,ok
house_of_graphs_0267,.,kolman,18,30,5,7,0.06,ok
house_of_graphs_0267,.,okamoto_exact,18,30,5,6,761.41,ok
house_of_graphs_0287,.,kolman,19,33,6,11,0.38,ok
house_of_graphs_0287,.,okamoto_exact,19,33,6,6,2272.96,ok
house_of_graphs_0307,.,kolman,16,24,3,6,0.02,ok
house_of_graphs_0307,.,okamoto_exact,16,24,3,5,76.3,ok
house_of_graphs_0327,.,kolman,18,27,3,6,0.07,ok
house_of_graphs_0327,.,okamoto_exact,18,27,3,5,809.03,ok
house_of_graphs_0347,.,kolman,18,26,3,6,0.09,ok
house_of_graphs_0347,.,okamoto_exact,18,26,3,4,797.91,ok
house_of_graphs_0367,.,kolman,14,28,4,6,0.04,ok
house_of_graphs_0367,.,okamoto_exact,14,28,4,6,5.77,ok
house_of_graphs_0387,.,kolman,15,45,6,14,0.04,ok
house_of_graphs_0387,.,okamoto_exact,15,45,6,10,22.95,ok
house_of_graphs_0407,.,kolman,19,95,10,32,0.19,ok
house_of_graphs_0407,.,okamoto_exact,19,95,10,18,3357.83,ok
house_of_graphs_0427,.,kolman,14,13,4,1,0.0,ok
house_of_graphs_0427,.,okamoto_exact,14,13,4,1,6.54,ok
house_of_graphs_0447,.,kolman,18,81,9,35,0.07,ok
house_of_graphs_0447,.,okamoto_exact,18,81,9,16,627.33,ok
house_of_graphs_0467,.,kolman,18,27,3,5,0.2,ok
house_of_graphs_0467,.,okamoto_exact,18,27,3,4,967.57,ok
house_of_graphs_0487,.,kolman,19,47,13,15,0.57,ok
house_of_graphs_0487,.,okamoto_exact,19,47,13,7,2936.38,ok
house_of_graphs_0507,.,kolman,19,45,10,12,0.18,ok
house_of_graphs_0507,.,okamoto_exact,19,45,10,8,2457.59,ok
house_of_graphs_0527,.,kolman,19,46,9,12,0.19,ok
house_of_graphs_0527,.,okamoto_exact,19,46,9,8,5582.94,ok
house_of_graphs_0547,.,kolman,19,46,10,11,0.12,ok
house_of_graphs_0547,.,okamoto_exact,19,46,10,8,2967.89,ok
house_of_graphs_0567,.,kolman,19,43,9,9,0.12,ok
house_of_graphs_0567,.,okamoto_exact,19,43,9,7,3059.86,ok
house_of_graphs_0587,.,kolman,19,44,9,10,0.17,ok
house_of_graphs_0587,.,okamoto_exact,19,44,9,6,2934.59,ok
house_of_graphs_0607,.,kolman,19,44,9,9,0.28,ok
house_of_graphs_0607,.,okamoto_exact,19,44,9,8,5411.84,ok
house_of_graphs_0627,.,kolman,19,44,9,9,0.27,ok
house_of_graphs_0627,.,okamoto_exact,19,44,9,7,5419.43,ok
house_of_graphs_0647,.,kolman,19,46,11,11,0.23,ok
house_of_graphs_0647,.,okamoto_exact,19,46,11,9,2694.1,ok
house_of_graphs_0667,.,kolman,19,45,9,10,0.39,ok
house_of_graphs_0667,.,okamoto_exact,19,45,9,6,4987.09,ok
house_of_graphs_0687,.,kolman,19,43,8,11,0.25,ok
house_of_graphs_0687,.,okamoto_exact,19,43,8,6,2691.98,ok
house_of_graphs_0707,.,kolman,19,46,11,12,0.16,ok
house_of_graphs_0707,.,okamoto_exact,19,46,11,8,2798.8,ok
house_of_graphs_0727,.,kolman,19,44,8,9,0.18,ok
house_of_graphs_0727,.,okamoto_exact,19,44,8,6,2992.39,ok
house_of_graphs_0747,.,kolman,19,45,8,10,0.45,ok
house_of_graphs_0747,.,okamoto_exact,19,45,8,8,5323.15,ok
house_of_graphs_0767,.,kolman,19,48,11,11,0.18,ok
house_of_graphs_0767,.,okamoto_exact,19,48,11,8,2755.01,ok
house_of_graphs_0787,.,kolman,19,48,11,12,0.22,ok
house_of_graphs_0787,.,okamoto_exact,19,48,11,9,2704.93,ok
house_of_graphs_0807,.,kolman,19,46,9,10,0.16,ok
house_of_graphs_0807,.,okamoto_exact,19,46,9,9,2519.21,ok
house_of_graphs_0827,.,kolman,19,45,10,10,0.12,ok
house_of_graphs_0827,.,okamoto_exact,19,45,10,8,2187.26,ok
house_of_graphs_0847,.,kolman,19,45,8,8,0.26,ok
house_of_graphs_0847,.,okamoto_exact,19,45,8,8,6027.03,ok
house_of_graphs_0867,.,kolman,19,45,8,11,0.28,ok
house_of_graphs_0867,.,okamoto_exact,19,45,8,8,5327.91,ok
house_of_graphs_0887,.,kolman,17,24,4,5,0.03,ok
house_of_graphs_0887,.,okamoto_exact,17,24,4,5,296.68,ok
house_of_graphs_0907,.,kolman,17,23,4,5,0.05,ok
house_of_graphs_0907,.,okamoto_exact,17,23,4,4,268.86,ok
house_of_graphs_0927,.,kolman,18,26,4,6,0.08,ok
house_of_graphs_0927,.,okamoto_exact,18,26,4,5,983.16,ok
house_of_graphs_0947,.,kolman,18,26,5,8,0.1,ok
house_of_graphs_0947,.,okamoto_exact,18,26,5,5,956.43,ok
house_of_graphs_0967,.,kolman,18,26,4,6,0.1,ok
house_of_graphs_0967,.,okamoto_exact,18,26,4,4,824.62,ok
house_of_graphs_0987,.,kolman,18,26,4,8,0.1,ok
house_of_graphs_0987,.,okamoto_exact,18,26,4,5,809.31,ok
house_of_graphs_1007,.,kolman,18,27,4,8,0.1,ok
house_of_graphs_1007,.,okamoto_exact,18,27,4,6,961.42,ok
house_of_graphs_1027,.,kolman,18,25,4,5,0.1,ok
house_of_graphs_1027,.,okamoto_exact,18,25,4,4,873.84,ok
house_of_graphs_1047,.,kolman,18,26,4,8,0.1,ok
house_of_graphs_1047,.,okamoto_exact,18,26,4,5,956.72,ok
house_of_graphs_1067,.,kolman,18,24,4,5,0.1,ok
house_of_graphs_1067,.,okamoto_exact,18,24,4,4,800.34,ok
house_of_graphs_1087,.,kolman,18,24,4,5,0.09,ok
house_of_graphs_1087,.,okamoto_exact,18,24,4,4,810.57,ok
house_of_graphs_1107,.,kolman,18,24,4,6,0.1,ok
house_of_graphs_1107,.,okamoto_exact,18,24,4,5,1002.2,ok
house_of_graphs_1127,.,kolman,18,27,4,7,0.06,ok
house_of_graphs_1127,.,okamoto_exact,18,27,4,6,966.04,ok
house_of_graphs_1147,.,kolman,18,26,4,9,0.1,ok
house_of_graphs_1147,.,okamoto_exact,18,26,4,5,996.1,ok
house_of_graphs_1167,.,kolman,18,25,4,6,0.07,ok
house_of_graphs_1167,.,okamoto_exact,18,25,4,5,993.96,ok
house_of_graphs_1187,.,kolman,18,26,5,7,0.1,ok
house_of_graphs_1187,.,okamoto_exact,18,26,5,5,981.78,ok
house_of_graphs_1207,.,kolman,18,25,4,7,0.06,ok
house_of_graphs_1207,.,okamoto_exact,18,25,4,5,1004.48,ok
house_of_graphs_1227,.,kolman,18,26,4,7,0.18,ok
house_of_graphs_1227,.,okamoto_exact,18,26,4,5,1023.7,ok
house_of_graphs_1247,.,kolman,18,25,4,5,0.1,ok
house_of_graphs_1247,.,okamoto_exact,18,25,4,4,866.27,ok
house_of_graphs_1267,.,kolman,18,26,4,6,0.1,ok
house_of_graphs_1267,.,okamoto_exact,18,26,4,5,1030.93,ok
house_of_graphs_1287,.,kolman,16,32,4,6,0.05,ok
house_of_graphs_1287,.,okamoto_exact,16,32,4,6,84.83,ok
house_of_graphs_1307,.,kolman,19,38,4,8,0.19,ok
house_of_graphs_1307,.,okamoto_exact,19,38,4,6,2423.01,ok
house_of_graphs_1327,.,kolman,18,28,4,7,0.07,ok
house_of_graphs_1327,.,okamoto_exact,18,28,4,5,824.15,ok
house_of_graphs_1347,.,kolman,18,28,4,6,0.07,ok
house_of_graphs_1347,.,okamoto_exact,18,28,4,4,993.48,ok
house_of_graphs_1367,.,kolman,14,50,10,18,0.04,ok
house_of_graphs_1367,.,okamoto_exact,14,50,10,12,7.04,ok
house_of_graphs_1387,.,kolman,19,72,12,22,0.5,ok
house_of_graphs_1387,.,okamoto_exact,19,72,12,14,4986.16,ok
house_of_graphs_1407,.,kolman,19,70,12,21,0.38,ok
house_of_graphs_1407,.,okamoto_exact,19,70,12,12,5298.33,ok
house_of_graphs_1427,.,kolman,18,47,7,12,0.06,ok
house_of_graphs_1427,.,okamoto_exact,18,47,7,9,969.53,ok
house_of_graphs_1447,.,kolman,14,49,7,24,0.04,ok
house_of_graphs_1447,.,okamoto_exact,14,49,7,12,4.81,ok
house_of_graphs_1467,.,kolman,18,36,4,10,0.07,ok
house_of_graphs_1467,.,okamoto_exact,18,36,4,10,610.28,ok
house_of_graphs_1487,.,kolman,14,22,4,7,0.07,ok
house_of_graphs_1487,.,okamoto_exact,14,22,4,5,7.21,ok
house_of_graphs_1507,.,kolman,18,27,3,4,0.07,ok
house_of_graphs_1507,.,okamoto_exact,18,27,3,4,851.06,ok
house_of_graphs_1527,.,kolman,14,21,3,7,0.04,ok
house_of_graphs_1527,.,okamoto_exact,14,21,3,5,7.06,ok
house_of_graphs_1547,.,kolman,18,36,4,10,0.07,ok
house_of_graphs_1547,.,okamoto_exact,18,36,4,8,809.46,ok
house_of_graphs_1567,.,kolman,16,32,4,10,0.06,ok
house_of_graphs_1567,.,okamoto_exact,16,32,4,8,71.32,ok
house_of_graphs_1587,.,kolman,18,36,4,12,0.07,ok
house_of_graphs_1587,.,okamoto_exact,18,36,4,10,615.8,ok
house_of_graphs_1607,.,kolman,14,13,4,1,0.12,ok
house_of_graphs_1607,.,okamoto_exact,14,13,4,1,0.0,ok
house_of_graphs_1627,.,kolman,16,25,5,7,0.08,ok
house_of_graphs_1627,.,okamoto_exact,16,25,5,5,77.69,ok
house_of_graphs_1647,.,kolman,19,30,6,7,0.3,ok
house_of_graphs_1647,.,okamoto_exact,19,30,6,5,5306.16,ok
house_of_graphs_1667,.,kolman,16,25,4,9,0.03,ok
house_of_graphs_1667,.,okamoto_exact,16,25,4,5,101.14,ok
house_of_graphs_1687,.,kolman,16,40,5,14,0.02,ok
house_of_graphs_1687,.,okamoto_exact,16,40,5,11,55.49,ok
house_of_graphs_1707,.,kolman,19,57,6,22,0.19,ok
house_of_graphs_1707,.,okamoto_exact,19,57,6,14,4170.01,ok
house_of_graphs_1727,.,kolman,14,19,3,3,0.01,ok
house_of_graphs_1727,.,okamoto_exact,14,19,3,3,7.81,ok
house_of_graphs_1747,.,kolman,14,41,6,14,0.01,ok
house_of_graphs_1747,.,okamoto_exact,14,41,6,11,8.08,ok
house_of_graphs_1767,.,kolman,14,40,10,20,0.01,ok
house_of_graphs_1767,.,okamoto_exact,14,40,10,12,6.21,ok
house_of_graphs_1787,.,kolman,16,36,9,13,0.02,ok
house_of_graphs_1787,.,okamoto_exact,16,36,9,11,85.22,ok
house_of_graphs_1807,.,kolman,18,48,8,16,0.08,ok
house_of_graphs_1807,.,okamoto_exact,18,48,8,12,882.51,ok
house_of_graphs_1827,.,kolman,16,19,3,4,0.07,ok
house_of_graphs_1827,.,okamoto_exact,16,19,3,3,84.45,ok
house_of_graphs_1847,.,kolman,14,24,5,8,0.01,ok
house_of_graphs_1847,.,okamoto_exact,14,24,5,6,9.21,ok
house_of_graphs_1867,.,kolman,15,26,5,7,0.01,ok
house_of_graphs_1867,.,okamoto_exact,15,26,5,6,29.55,ok
house_of_graphs_1887,.,kolman,16,56,7,16,0.02,ok
house_of_graphs_1887,.,okamoto_exact,16,56,7,15,62.49,ok
house_of_graphs_1907,.,kolman,16,18,3,3,0.03,ok
house_of_graphs_1907,.,okamoto_exact,16,18,3,3,82.09,ok
house_of_graphs_1927,.,kolman,16,12,2,,,invalid_graph
house_of_graphs_1927,.,okamoto_exact,16,12,2,,,invalid_graph
house_of_graphs_1947,.,kolman,16,50,8,14,0.02,ok
house_of_graphs_1947,.,okamoto_exact,16,50,8,11,91.16,ok
house_of_graphs_1967,.,kolman,16,24,3,6,0.03,ok
house_of_graphs_1967,.,okamoto_exact,16,24,3,5,77.76,ok
house_of_graphs_0008,.,kolman,14,13,3,1,0.0,ok
house_of_graphs_0008,.,okamoto_exact,14,13,3,1,0.0002,ok
house_of_graphs_0028,.,kolman,15,14,3,1,0.0,ok
house_of_graphs_0028,.,okamoto_exact,15,14,3,1,0.0,ok
house_of_graphs_0048,.,kolman,14,21,3,8,0.01,ok
house_of_graphs_0048,.,okamoto_exact,14,21,3,6,6.96,ok
house_of_graphs_0068,.,kolman,19,48,9,18,0.34,ok
house_of_graphs_0068,.,okamoto_exact,19,48,9,9,6177.11,ok
house_of_graphs_0088,.,kolman,19,55,7,20,0.1,ok
house_of_graphs_0088,.,okamoto_exact,19,55,7,13,2532.71,ok
house_of_graphs_0108,.,kolman,19,57,7,22,0.28,ok
house_of_graphs_0108,.,okamoto_exact,19,57,7,13,2897.93,ok
house_of_graphs_0128,.,kolman,19,52,6,17,0.14,ok
house_of_graphs_0128,.,okamoto_exact,19,52,6,13,3348.86,ok
house_of_graphs_0148,.,kolman,19,37,5,11,0.42,ok
house_of_graphs_0148,.,okamoto_exact,19,37,5,8,5321.15,ok
house_of_graphs_0168,.,kolman,19,37,5,11,0.19,ok
house_of_graphs_0168,.,okamoto_exact,19,37,5,8,5287.46,ok
house_of_graphs_0188,.,kolman,14,36,11,15,0.01,ok
house_of_graphs_0188,.,okamoto_exact,14,36,11,12,9.29,ok
house_of_graphs_0208,.,kolman,15,15,3,2,0.01,ok
house_of_graphs_0208,.,okamoto_exact,15,15,3,2,27.23,ok
house_of_graphs_0228,.,kolman,19,31,5,7,0.29,ok
house_of_graphs_0228,.,okamoto_exact,19,31,5,6,4387.47,ok
house_of_graphs_0248,.,kolman,19,33,6,11,0.25,ok
house_of_graphs_0248,.,okamoto_exact,19,33,6,7,3160.48,ok
house_of_graphs_0268,.,kolman,19,32,5,8,0.11,ok
house_of_graphs_0268,.,okamoto_exact,19,32,5,6,2116.59,ok
house_of_graphs_0288,.,kolman,19,34,6,9,0.17,ok
house_of_graphs_0288,.,okamoto_exact,19,34,6,7,2523.36,ok
house_of_graphs_0308,.,kolman,16,24,3,7,0.02,ok
house_of_graphs_0308,.,okamoto_exact,16,24,3,5,77.17,ok
house_of_graphs_0328,.,kolman,18,27,3,5,0.08,ok
house_of_graphs_0328,.,okamoto_exact,18,27,3,5,846.68,ok
house_of_graphs_0348,.,kolman,18,26,3,5,0.11,ok
house_of_graphs_0348,.,okamoto_exact,18,26,3,4,878.23,ok
house_of_graphs_0368,.,kolman,15,30,4,6,0.04,ok
house_of_graphs_0368,.,okamoto_exact,15,30,4,6,24.72,ok
house_of_graphs_0388,.,kolman,16,48,6,12,0.06,ok
house_of_graphs_0388,.,okamoto_exact,16,48,6,10,78.16,ok
house_of_graphs_0408,.,kolman,16,88,11,36,0.02,ok
house_of_graphs_0408,.,okamoto_exact,16,88,11,20,55.07,ok
house_of_graphs_0428,.,kolman,15,14,4,1,0.0,ok
house_of_graphs_0428,.,okamoto_exact,15,14,4,1,0.0,ok
house_of_graphs_0448,.,kolman,16,24,3,6,0.02,ok
house_of_graphs_0448,.,okamoto_exact,16,24,3,6,93.9,ok
house_of_graphs_0468,.,kolman,15,30,4,8,0.02,ok
house_of_graphs_0468,.,okamoto_exact,15,30,4,8,17.11,ok
house_of_graphs_0488,.,kolman,19,46,13,13,0.17,ok
house_of_graphs_0488,.,okamoto_exact,19,46,13,7,2907.12,ok
house_of_graphs_0508,.,kolman,19,45,9,10,0.12,ok
house_of_graphs_0508,.,okamoto_exact,19,45,9,7,2888.83,ok
house_of_graphs_0528,.,kolman,19,47,10,11,0.16,ok
house_of_graphs_0528,.,okamoto_exact,19,47,10,9,2590.37,ok
house_of_graphs_0548,.,kolman,19,46,9,10,0.19,ok
house_of_graphs_0548,.,okamoto_exact,19,46,9,8,2930.01,ok
house_of_graphs_0568,.,kolman,19,43,8,8,0.29,ok
house_of_graphs_0568,.,okamoto_exact,19,43,8,7,5532.19,ok
house_of_graphs_0588,.,kolman,19,45,9,9,0.27,ok
house_of_graphs_0588,.,okamoto_exact,19,45,9,7,5461.85,ok
house_of_graphs_0608,.,kolman,19,45,9,10,0.29,ok
house_of_graphs_0608,.,okamoto_exact,19,45,9,7,5349.31,ok
house_of_graphs_0628,.,kolman,19,45,10,10,0.2,ok
house_of_graphs_0628,.,okamoto_exact,19,45,10,7,2902.74,ok
house_of_graphs_0648,.,kolman,19,49,14,20,0.16,ok
house_of_graphs_0648,.,okamoto_exact,19,49,14,8,2332.56,ok
house_of_graphs_0668,.,kolman,19,46,10,11,0.29,ok
house_of_graphs_0668,.,okamoto_exact,19,46,10,7,5509.5,ok
house_of_graphs_0688,.,kolman,19,44,9,12,0.18,ok
house_of_graphs_0688,.,okamoto_exact,19,44,9,7,2775.3,ok
house_of_graphs_0708,.,kolman,19,44,9,12,0.21,ok
house_of_graphs_0708,.,okamoto_exact,19,44,9,7,2496.79,ok
house_of_graphs_0728,.,kolman,19,45,9,10,0.11,ok
house_of_graphs_0728,.,okamoto_exact,19,45,9,7,3059.34,ok
house_of_graphs_0748,.,kolman,19,44,9,9,0.2,ok
house_of_graphs_0748,.,okamoto_exact,19,44,9,7,5394.91,ok
house_of_graphs_0768,.,kolman,19,44,9,10,0.11,ok
house_of_graphs_0768,.,okamoto_exact,19,44,9,7,2539.61,ok
house_of_graphs_0788,.,kolman,19,47,11,12,0.28,ok
house_of_graphs_0788,.,okamoto_exact,19,47,11,8,5402.69,ok
house_of_graphs_0808,.,kolman,19,47,10,14,0.16,ok
house_of_graphs_0808,.,okamoto_exact,19,47,10,9,2574.92,ok
house_of_graphs_0828,.,kolman,19,46,11,12,0.29,ok
house_of_graphs_0828,.,okamoto_exact,19,46,11,9,5380.58,ok
house_of_graphs_0848,.,kolman,19,46,9,9,0.19,ok
house_of_graphs_0848,.,okamoto_exact,19,46,9,9,5506.23,ok
house_of_graphs_0868,.,kolman,19,46,9,11,0.2,ok
house_of_graphs_0868,.,okamoto_exact,19,46,9,9,5341.41,ok
house_of_graphs_0888,.,kolman,17,24,4,7,0.03,ok
house_of_graphs_0888,.,okamoto_exact,17,24,4,5,300.68,ok
house_of_graphs_0908,.,kolman,17,23,4,6,0.05,ok
house_of_graphs_0908,.,okamoto_exact,17,23,4,5,303.31,ok
house_of_graphs_0928,.,kolman,18,26,4,6,0.08,ok
house_of_graphs_0928,.,okamoto_exact,18,26,4,5,979.16,ok
house_of_graphs_0948,.,kolman,18,25,4,9,0.11,ok
house_of_graphs_0948,.,okamoto_exact,18,25,4,5,1005.27,ok
house_of_graphs_0968,.,kolman,18,25,4,5,0.11,ok
house_of_graphs_0968,.,okamoto_exact,18,25,4,4,853.41,ok
house_of_graphs_0988,.,kolman,18,27,5,8,0.1,ok
house_of_graphs_0988,.,okamoto_exact,18,27,5,6,947.25,ok
house_of_graphs_1008,.,kolman,18,26,4,7,0.08,ok
house_of_graphs_1008,.,okamoto_exact,18,26,4,5,994.19,ok
house_of_graphs_1028,.,kolman,18,25,4,6,0.1,ok
house_of_graphs_1028,.,okamoto_exact,18,25,4,4,841.66,ok
house_of_graphs_1048,.,kolman,18,26,4,6,0.07,ok
house_of_graphs_1048,.,okamoto_exact,18,26,4,5,983.03,ok
house_of_graphs_1068,.,kolman,18,25,5,6,0.18,ok
house_of_graphs_1068,.,okamoto_exact,18,25,5,5,1025.7,ok
house_of_graphs_1088,.,kolman,18,25,4,7,0.07,ok
house_of_graphs_1088,.,okamoto_exact,18,25,4,5,1007.57,ok
house_of_graphs_1108,.,kolman,18,24,4,7,0.1,ok
house_of_graphs_1108,.,okamoto_exact,18,24,4,5,1017.56,ok
house_of_graphs_1128,.,kolman,18,26,4,7,0.1,ok
house_of_graphs_1128,.,okamoto_exact,18,26,4,5,1007.83,ok
house_of_graphs_1148,.,kolman,18,26,4,6,0.06,ok
house_of_graphs_1148,.,okamoto_exact,18,26,4,5,1022.6,ok
house_of_graphs_1168,.,kolman,18,25,4,7,0.1,ok
house_of_graphs_1168,.,okamoto_exact,18,25,4,5,997.67,ok
house_of_graphs_1188,.,kolman,18,26,5,7,0.07,ok
house_of_graphs_1188,.,okamoto_exact,18,26,5,5,1038.16,ok
house_of_graphs_1208,.,kolman,18,26,5,6,0.1,ok
house_of_graphs_1208,.,okamoto_exact,18,26,5,5,1019.54,ok
house_of_graphs_1228,.,kolman,18,26,4,6,0.22,ok
house_of_graphs_1228,.,okamoto_exact,18,26,4,6,1013.33,ok
house_of_graphs_1248,.,kolman,18,24,4,5,0.1,ok
house_of_graphs_1248,.,okamoto_exact,18,24,4,4,888.86,ok
house_of_graphs_1268,.,kolman,18,26,4,6,0.07,ok
house_of_graphs_1268,.,okamoto_exact,18,26,4,4,861.81,ok
house_of_graphs_1288,.,kolman,17,34,4,6,0.07,ok
house_of_graphs_1288,.,okamoto_exact,17,34,4,6,262.04,ok
house_of_graphs_1308,.,kolman,19,38,4,6,0.28,ok
house_of_graphs_1308,.,okamoto_exact,19,38,4,6,4722.05,ok
house_of_graphs_1328,.,kolman,18,29,4,6,0.07,ok
house_of_graphs_1328,.,okamoto_exact,18,29,4,5,805.67,ok
house_of_graphs_1348,.,kolman,18,28,4,5,0.1,ok
house_of_graphs_1348,.,okamoto_exact,18,28,4,4,839.29,ok
house_of_graphs_1368,.,kolman,14,51,10,20,0.08,ok
house_of_graphs_1368,.,okamoto_exact,14,51,10,13,8.66,ok
house_of_graphs_1388,.,kolman,19,69,11,18,0.27,ok
house_of_graphs_1388,.,okamoto_exact,19,69,11,12,5267.15,ok
house_of_graphs_1408,.,kolman,19,71,13,21,0.16,ok
house_of_graphs_1408,.,okamoto_exact,19,71,13,13,2926.42,ok
house_of_graphs_1428,.,kolman,15,29,4,7,0.01,ok
house_of_graphs_1428,.,okamoto_exact,15,29,4,7,24.2,ok
house_of_graphs_1448,.,kolman,14,84,12,42,0.01,ok
house_of_graphs_1448,.,okamoto_exact,14,84,12,22,4.63,ok
house_of_graphs_1468,.,kolman,18,36,4,10,0.07,ok
house_of_graphs_1468,.,okamoto_exact,18,36,4,10,630.93,ok
house_of_graphs_1488,.,kolman,14,21,3,6,0.07,ok
house_of_graphs_1488,.,okamoto_exact,14,21,3,4,7.08,ok
house_of_graphs_1508,.,kolman,18,27,3,5,0.07,ok
house_of_graphs_1508,.,okamoto_exact,18,27,3,4,826.16,ok
house_of_graphs_1528,.,kolman,17,31,4,8,0.03,ok
house_of_graphs_1528,.,okamoto_exact,17,31,4,7,293.92,ok
house_of_graphs_1548,.,kolman,15,21,3,5,0.03,ok
house_of_graphs_1548,.,okamoto_exact,15,21,3,4,26.38,ok
house_of_graphs_1568,.,kolman,16,32,4,10,0.02,ok
house_of_graphs_1568,.,okamoto_exact,16,32,4,8,71.93,ok
house_of_graphs_1588,.,kolman,18,36,4,12,0.08,ok
house_of_graphs_1588,.,okamoto_exact,18,36,4,10,632.83,ok
house_of_graphs_1608,.,kolman,18,34,6,11,0.14,ok
house_of_graphs_1608,.,okamoto_exact,18,34,6,7,964.6,ok
house_of_graphs_1628,.,kolman,16,25,5,7,0.06,ok
house_of_graphs_1628,.,okamoto_exact,16,25,5,5,73.91,ok
house_of_graphs_1648,.,kolman,19,30,6,10,0.13,ok
house_of_graphs_1648,.,okamoto_exact,19,30,6,5,2764.48,ok
house_of_graphs_1668,.,kolman,16,21,3,5,0.02,ok
house_of_graphs_1668,.,okamoto_exact,16,21,3,4,84.26,ok
house_of_graphs_1688,.,kolman,16,40,5,14,0.03,ok
house_of_graphs_1688,.,okamoto_exact,16,40,5,11,59.22,ok
house_of_graphs_1708,.,kolman,17,42,5,14,0.04,ok
house_of_graphs_1708,.,okamoto_exact,17,42,5,11,287.34,ok
house_of_graphs_1728,.,kolman,16,22,3,3,0.02,ok
house_of_graphs_1728,.,okamoto_exact,16,22,3,3,85.6,ok
house_of_graphs_1748,.,kolman,14,21,3,4,0.01,ok
house_of_graphs_1748,.,okamoto_exact,14,21,3,4,7.66,ok
house_of_graphs_1768,.,kolman,14,33,11,15,0.01,ok
house_of_graphs_1768,.,okamoto_exact,14,33,11,12,8.2,ok
house_of_graphs_1788,.,kolman,16,63,9,30,0.02,ok
house_of_graphs_1788,.,okamoto_exact,16,63,9,14,69.34,ok
house_of_graphs_1808,.,kolman,18,30,10,10,0.07,ok
house_of_graphs_1808,.,okamoto_exact,18,30,10,10,646.96,ok
house_of_graphs_1828,.,kolman,16,24,4,6,0.07,ok
house_of_graphs_1828,.,okamoto_exact,16,24,4,5,94.69,ok
house_of_graphs_1848,.,kolman,14,24,4,7,0.01,ok
house_of_graphs_1848,.,okamoto_exact,14,24,4,6,8.72,ok
house_of_graphs_1868,.,kolman,15,26,6,10,0.01,ok
house_of_graphs_1868,.,okamoto_exact,15,26,6,5,24.01,ok
house_of_graphs_1888,.,kolman,14,28,4,8,0.01,ok
house_of_graphs_1888,.,okamoto_exact,14,28,4,6,6.78,ok
house_of_graphs_1908,.,kolman,15,16,3,3,0.01,ok
house_of_graphs_1908,.,okamoto_exact,15,16,3,3,26.43,ok
house_of_graphs_1928,.,kolman,16,32,4,8,0.02,ok
house_of_graphs_1928,.,okamoto_exact,16,32,4,8,70.36,ok
house_of_graphs_1948,.,kolman,19,57,6,24,0.16,ok
house_of_graphs_1948,.,okamoto_exact,19,57,6,12,2008.31,ok
house_of_graphs_1968,.,kolman,15,30,4,6,0.01,ok
house_of_graphs_1968,.,okamoto_exact,15,30,4,6,18.93,ok
house_of_graphs_0009,.,kolman,14,13,12,1,0.0,ok
house_of_graphs_0009,.,okamoto_exact,14,13,12,1,6.48,ok
house_of_graphs_0029,.,kolman,15,14,3,1,0.0,ok
house_of_graphs_0029,.,okamoto_exact,15,14,3,1,21.74,ok
house_of_graphs_0049,.,kolman,16,32,4,10,0.02,ok
house_of_graphs_0049,.,okamoto_exact,16,32,4,8,70.62,ok
house_of_graphs_0069,.,kolman,19,50,6,16,0.12,ok
house_of_graphs_0069,.,okamoto_exact,19,50,6,12,3012.92,ok
house_of_graphs_0089,.,kolman,19,52,6,20,0.44,ok
house_of_graphs_0089,.,okamoto_exact,19,52,6,13,5224.35,ok
house_of_graphs_0109,.,kolman,19,57,7,20,0.23,ok
house_of_graphs_0109,.,okamoto_exact,19,57,7,14,3170.09,ok
house_of_graphs_0129,.,kolman,19,64,9,26,0.27,ok
house_of_graphs_0129,.,okamoto_exact,19,64,9,13,2763.08,ok
house_of_graphs_0149,.,kolman,19,37,5,10,0.38,ok
house_of_graphs_0149,.,okamoto_exact,19,37,5,7,5315.17,ok
house_of_graphs_0169,.,kolman,19,37,5,12,0.19,ok
house_of_graphs_0169,.,okamoto_exact,19,37,5,8,5226.33,ok
house_of_graphs_0189,.,kolman,14,36,10,12,0.01,ok
house_of_graphs_0189,.,okamoto_exact,14,36,10,12,7.23,ok
house_of_graphs_0209,.,kolman,18,27,6,4,0.07,ok
house_of_graphs_0209,.,okamoto_exact,18,27,6,4,1105.13,ok
house_of_graphs_0229,.,kolman,19,31,5,7,0.29,ok
house_of_graphs_0229,.,okamoto_exact,19,31,5,6,4312.58,ok
house_of_graphs_0249,.,kolman,19,30,6,6,0.17,ok
house_of_graphs_0249,.,okamoto_exact,19,30,6,5,2808.39,ok
house_of_graphs_0269,.,kolman,19,31,5,7,0.17,ok
house_of_graphs_0269,.,okamoto_exact,19,31,5,6,2294.35,ok
house_of_graphs_0289,.,kolman,19,33,5,8,0.49,ok
house_of_graphs_0289,.,okamoto_exact,19,33,5,7,6401.84,ok
house_of_graphs_0309,.,kolman,16,24,3,6,0.02,ok
house_of_graphs_0309,.,okamoto_exact,16,24,3,5,101.19,ok
house_of_graphs_0329,.,kolman,18,27,3,6,0.07,ok
house_of_graphs_0329,.,okamoto_exact,18,27,3,5,827.82,ok
house_of_graphs_0349,.,kolman,14,21,3,7,0.04,ok
house_of_graphs_0349,.,okamoto_exact,14,21,3,5,7.53,ok
house_of_graphs_0369,.,kolman,16,32,4,8,0.02,ok
house_of_graphs_0369,.,okamoto_exact,16,32,4,6,77.89,ok
house_of_graphs_0389,.,kolman,17,51,6,14,0.04,ok
house_of_graphs_0389,.,okamoto_exact,17,51,6,10,250.48,ok
house_of_graphs_0409,.,kolman,18,99,11,36,0.07,ok
house_of_graphs_0409,.,okamoto_exact,18,99,11,20,587.6,ok
house_of_graphs_0429,.,kolman,15,14,3,1,0.0,ok
house_of_graphs_0429,.,okamoto_exact,15,14,3,1,0.0,ok
house_of_graphs_0449,.,kolman,16,24,3,6,0.02,ok
house_of_graphs_0449,.,okamoto_exact,16,24,3,4,80.43,ok
house_of_graphs_0469,.,kolman,16,30,5,10,0.03,ok
house_of_graphs_0469,.,okamoto_exact,16,30,5,7,72.22,ok
house_of_graphs_0489,.,kolman,19,48,13,13,0.11,ok
house_of_graphs_0489,.,okamoto_exact,19,48,13,8,2648.02,ok
house_of_graphs_0509,.,kolman,19,46,10,11,0.43,ok
house_of_graphs_0509,.,okamoto_exact,19,46,10,8,5505.42,ok
house_of_graphs_0529,.,kolman,19,44,9,9,0.2,ok
house_of_graphs_0529,.,okamoto_exact,19,44,9,7,2821.14,ok
house_of_graphs_0549,.,kolman,19,47,10,11,0.2,ok
house_of_graphs_0549,.,okamoto_exact,19,47,10,9,2953.3,ok
house_of_graphs_0569,.,kolman,19,44,9,9,0.28,ok
house_of_graphs_0569,.,okamoto_exact,19,44,9,8,5485.87,ok
house_of_graphs_0589,.,kolman,19,46,10,9,0.2,ok
house_of_graphs_0589,.,okamoto_exact,19,46,10,7,5422.39,ok
house_of_graphs_0609,.,kolman,19,46,10,10,0.18,ok
house_of_graphs_0609,.,okamoto_exact,19,46,10,8,5413.85,ok
house_of_graphs_0629,.,kolman,19,42,8,8,0.33,ok
house_of_graphs_0629,.,okamoto_exact,19,42,8,7,5574.54,ok
house_of_graphs_0649,.,kolman,19,45,9,11,0.27,ok
house_of_graphs_0649,.,okamoto_exact,19,45,9,7,5522.16,ok
house_of_graphs_0669,.,kolman,19,46,10,10,0.29,ok
house_of_graphs_0669,.,okamoto_exact,19,46,10,7,6663.11,ok
house_of_graphs_0689,.,kolman,19,44,8,11,0.43,ok
house_of_graphs_0689,.,okamoto_exact,19,44,8,7,2790.4,ok
house_of_graphs_0709,.,kolman,19,45,10,13,0.16,ok
house_of_graphs_0709,.,okamoto_exact,19,45,10,8,2517.93,ok
house_of_graphs_0729,.,kolman,19,46,9,11,0.17,ok
house_of_graphs_0729,.,okamoto_exact,19,46,9,8,2788.81,ok
house_of_graphs_0749,.,kolman,19,45,10,10,0.18,ok
house_of_graphs_0749,.,okamoto_exact,19,45,10,8,2486.36,ok
house_of_graphs_0769,.,kolman,19,45,10,11,0.19,ok
house_of_graphs_0769,.,okamoto_exact,19,45,10,8,5337.49,ok
house_of_graphs_0789,.,kolman,19,44,9,11,0.31,ok
house_of_graphs_0789,.,okamoto_exact,19,44,9,6,5603.63,ok
house_of_graphs_0809,.,kolman,19,46,9,9,0.24,ok
house_of_graphs_0809,.,okamoto_exact,19,46,9,7,2806.88,ok
house_of_graphs_0829,.,kolman,19,46,10,10,0.27,ok
house_of_graphs_0829,.,okamoto_exact,19,46,10,9,5423.36,ok
house_of_graphs_0849,.,kolman,19,47,9,9,0.19,ok
house_of_graphs_0849,.,okamoto_exact,19,47,9,8,2938.04,ok
house_of_graphs_0869,.,kolman,19,44,8,11,0.2,ok
house_of_graphs_0869,.,okamoto_exact,19,44,8,7,5349.71,ok
house_of_graphs_0889,.,kolman,17,23,4,6,0.03,ok
house_of_graphs_0889,.,okamoto_exact,17,23,4,5,312.68,ok
house_of_graphs_0909,.,kolman,17,24,5,6,0.05,ok
house_of_graphs_0909,.,okamoto_exact,17,24,5,5,315.09,ok
house_of_graphs_0929,.,kolman,18,26,4,7,0.08,ok
house_of_graphs_0929,.,okamoto_exact,18,26,4,5,1004.5,ok
house_of_graphs_0949,.,kolman,18,26,5,6,0.1,ok
house_of_graphs_0949,.,okamoto_exact,18,26,5,5,1032.99,ok
house_of_graphs_0969,.,kolman,18,25,4,7,0.07,ok
house_of_graphs_0969,.,okamoto_exact,18,25,4,4,862.4,ok
house_of_graphs_0989,.,kolman,18,27,4,7,0.1,ok
house_of_graphs_0989,.,okamoto_exact,18,27,4,6,1027.36,ok
house_of_graphs_1009,.,kolman,18,27,4,7,0.07,ok
house_of_graphs_1009,.,okamoto_exact,18,27,4,6,962.76,ok
house_of_graphs_1029,.,kolman,18,25,4,6,0.11,ok
house_of_graphs_1029,.,okamoto_exact,18,25,4,4,827.38,ok
house_of_graphs_1049,.,kolman,18,26,4,7,0.07,ok
house_of_graphs_1049,.,okamoto_exact,18,26,4,5,1029.7,ok
house_of_graphs_1069,.,kolman,18,25,4,8,0.1,ok
house_of_graphs_1069,.,okamoto_exact,18,25,4,5,1001.33,ok
house_of_graphs_1089,.,kolman,18,27,4,8,0.07,ok
house_of_graphs_1089,.,okamoto_exact,18,27,4,6,975.21,ok
house_of_graphs_1109,.,kolman,18,24,4,7,0.1,ok
house_of_graphs_1109,.,okamoto_exact,18,24,4,5,1012.03,ok
house_of_graphs_1129,.,kolman,18,26,4,6,0.1,ok
house_of_graphs_1129,.,okamoto_exact,18,26,4,5,1017.87,ok
house_of_graphs_1149,.,kolman,18,27,4,9,0.1,ok
house_of_graphs_1149,.,okamoto_exact,18,27,4,6,987.63,ok
house_of_graphs_1169,.,kolman,18,25,4,6,0.07,ok
house_of_graphs_1169,.,okamoto_exact,18,25,4,5,1012.27,ok
house_of_graphs_1189,.,kolman,18,26,5,6,0.1,ok
house_of_graphs_1189,.,okamoto_exact,18,26,5,5,986.89,ok
house_of_graphs_1209,.,kolman,18,24,4,5,0.15,ok
house_of_graphs_1209,.,okamoto_exact,18,24,4,4,816.42,ok
house_of_graphs_1229,.,kolman,18,26,4,7,0.11,ok
house_of_graphs_1229,.,okamoto_exact,18,26,4,6,996.46,ok
house_of_graphs_1249,.,kolman,18,25,4,6,0.11,ok
house_of_graphs_1249,.,okamoto_exact,18,25,4,5,1012.84,ok
house_of_graphs_1269,.,kolman,18,26,4,8,0.06,ok
house_of_graphs_1269,.,okamoto_exact,18,26,4,5,976.69,ok
house_of_graphs_1289,.,kolman,17,34,4,8,0.07,ok
house_of_graphs_1289,.,okamoto_exact,17,34,4,6,262.14,ok
house_of_graphs_1309,.,kolman,19,38,4,6,0.12,ok
house_of_graphs_1309,.,okamoto_exact,19,38,4,6,2328.87,ok
house_of_graphs_1329,.,kolman,18,29,4,8,0.07,ok
house_of_graphs_1329,.,okamoto_exact,18,29,4,5,935.71,ok
house_of_graphs_1349,.,kolman,18,28,4,7,0.13,ok
house_of_graphs_1349,.,okamoto_exact,18,28,4,5,1004.57,ok
house_of_graphs_1369,.,kolman,14,54,8,20,0.04,ok
house_of_graphs_1369,.,okamoto_exact,14,54,8,14,5.59,ok
house_of_graphs_1389,.,kolman,19,76,12,26,0.18,ok
house_of_graphs_1389,.,okamoto_exact,19,76,12,14,2801.9,ok
house_of_graphs_1409,.,kolman,19,72,13,21,0.17,ok
house_of_graphs_1409,.,okamoto_exact,19,72,13,13,2508.49,ok
house_of_graphs_1429,.,kolman,19,28,4,8,0.11,ok
house_of_graphs_1429,.,okamoto_exact,19,28,4,6,2522.48,ok
house_of_graphs_1449,.,kolman,14,91,13,48,0.01,ok
house_of_graphs_1449,.,okamoto_exact,14,91,13,13,3.21,ok
house_of_graphs_1469,.,kolman,18,36,4,10,0.07,ok
house_of_graphs_1469,.,okamoto_exact,18,36,4,10,623.9,ok
house_of_graphs_1489,.,kolman,14,24,4,8,0.08,ok
house_of_graphs_1489,.,okamoto_exact,14,24,4,6,9.1,ok
house_of_graphs_1509,.,kolman,18,27,3,5,0.07,ok
house_of_graphs_1509,.,okamoto_exact,18,27,3,4,831.74,ok
house_of_graphs_1529,.,kolman,19,35,5,10,0.26,ok
house_of_graphs_1529,.,okamoto_exact,19,35,5,7,3045.72,ok
house_of_graphs_1549,.,kolman,15,36,5,10,0.01,ok
house_of_graphs_1549,.,okamoto_exact,15,36,5,10,27.68,ok
house_of_graphs_1569,.,kolman,16,32,4,12,0.02,ok
house_of_graphs_1569,.,okamoto_exact,16,32,4,8,74.18,ok
house_of_graphs_1589,.,kolman,18,36,4,12,0.07,ok
house_of_graphs_1589,.,okamoto_exact,18,36,4,10,640.67,ok
house_of_graphs_1609,.,kolman,14,26,7,9,0.07,ok
house_of_graphs_1609,.,okamoto_exact,14,26,7,6,9.48,ok
house_of_graphs_1629,.,kolman,16,25,5,6,0.07,ok
house_of_graphs_1629,.,okamoto_exact,16,25,5,5,79.44,ok
house_of_graphs_1649,.,kolman,19,30,6,7,0.2,ok
house_of_graphs_1649,.,okamoto_exact,19,30,6,5,5245.34,ok
house_of_graphs_1669,.,kolman,16,21,3,5,0.02,ok
house_of_graphs_1669,.,okamoto_exact,16,21,3,4,84.5,ok
house_of_graphs_1689,.,kolman,16,40,5,12,0.02,ok
house_of_graphs_1689,.,okamoto_exact,16,40,5,11,57.54,ok
house_of_graphs_1709,.,kolman,17,42,5,15,0.04,ok
house_of_graphs_1709,.,okamoto_exact,17,42,5,11,271.59,ok
house_of_graphs_1729,.,kolman,15,22,4,6,0.04,ok
house_of_graphs_1729,.,okamoto_exact,15,22,4,4,25.0,ok
house_of_graphs_1749,.,kolman,14,27,9,10,0.01,ok
house_of_graphs_1749,.,okamoto_exact,14,27,9,8,6.92,ok
house_of_graphs_1769,.,kolman,14,24,12,12,0.01,ok
house_of_graphs_1769,.,okamoto_exact,14,24,12,12,5.46,ok
house_of_graphs_1789,.,kolman,16,72,9,32,0.02,ok
house_of_graphs_1789,.,okamoto_exact,16,72,9,16,60.16,ok
house_of_graphs_1809,.,kolman,18,60,10,24,0.09,ok
house_of_graphs_1809,.,okamoto_exact,18,60,10,16,722.39,ok
house_of_graphs_1829,.,kolman,16,42,8,12,0.11,ok
house_of_graphs_1829,.,okamoto_exact,16,42,8,9,97.63,ok
house_of_graphs_1849,.,kolman,14,24,4,6,0.01,ok
house_of_graphs_1849,.,okamoto_exact,14,24,4,6,9.19,ok
house_of_graphs_1869,.,kolman,15,26,5,8,0.01,ok
house_of_graphs_1869,.,okamoto_exact,15,26,5,6,29.05,ok
house_of_graphs_1889,.,kolman,14,16,4,4,0.01,ok
house_of_graphs_1889,.,okamoto_exact,14,16,4,4,6.24,ok
house_of_graphs_1909,.,kolman,18,20,3,4,0.07,ok
house_of_graphs_1909,.,okamoto_exact,18,20,3,3,895.61,ok
house_of_graphs_1929,.,kolman,16,18,4,,,invalid_graph
house_of_graphs_1929,.,okamoto_exact,16,18,4,,,invalid_graph
house_of_graphs_1949,.,kolman,15,30,4,8,0.05,ok
house_of_graphs_1949,.,okamoto_exact,15,30,4,8,17.4,ok
house_of_graphs_1969,.,kolman,14,63,13,31,0.01,ok
house_of_graphs_1969,.,okamoto_exact,14,63,13,13,8.69,ok
house_of_graphs_0010,.,kolman,15,14,13,1,0.0,ok
house_of_graphs_0010,.,okamoto_exact,15,14,13,1,18.63,ok
house_of_graphs_0030,.,kolman,15,14,3,1,0.0,ok
house_of_graphs_0030,.,okamoto_exact,15,14,3,1,21.96,ok
house_of_graphs_0050,.,kolman,16,24,3,6,0.02,ok
house_of_graphs_0050,.,okamoto_exact,16,24,3,6,91.44,ok
house_of_graphs_0070,.,kolman,19,52,7,20,0.19,ok
house_of_graphs_0070,.,okamoto_exact,19,52,7,12,5911.15,ok
house_of_graphs_0090,.,kolman,19,54,8,19,0.24,ok
house_of_graphs_0090,.,okamoto_exact,19,54,8,12,2737.7,ok
house_of_graphs_0110,.,kolman,19,60,7,23,0.18,ok
house_of_graphs_0110,.,okamoto_exact,19,60,7,15,4096.1,ok
house_of_graphs_0130,.,kolman,19,59,7,21,0.73,ok
house_of_graphs_0130,.,okamoto_exact,19,59,7,14,5384.98,ok
house_of_graphs_0150,.,kolman,19,37,6,12,0.13,ok
house_of_graphs_0150,.,okamoto_exact,19,37,6,7,2769.47,ok
house_of_graphs_0170,.,kolman,19,37,4,12,0.52,ok
house_of_graphs_0170,.,okamoto_exact,19,37,4,9,5255.25,ok
house_of_graphs_0190,.,kolman,14,36,10,11,0.01,ok
house_of_graphs_0190,.,okamoto_exact,14,36,10,11,7.46,ok
house_of_graphs_0210,.,kolman,16,18,3,4,0.02,ok
house_of_graphs_0210,.,okamoto_exact,16,18,3,3,87.06,ok
house_of_graphs_0230,.,kolman,19,32,5,9,0.19,ok
house_of_graphs_0230,.,okamoto_exact,19,32,5,7,2769.54,ok
house_of_graphs_0250,.,kolman,19,32,5,9,0.2,ok
house_of_graphs_0250,.,okamoto_exact,19,32,5,6,2056.88,ok
house_of_graphs_0270,.,kolman,19,32,5,9,0.12,ok
house_of_graphs_0270,.,okamoto_exact,19,32,5,6,2288.28,ok
house_of_graphs_0290,.,kolman,19,34,5,9,0.25,ok
house_of_graphs_0290,.,okamoto_exact,19,34,5,7,2841.04,ok
house_of_graphs_0310,.,kolman,18,27,3,7,0.07,ok
house_of_graphs_0310,.,okamoto_exact,18,27,3,5,782.9,ok
house_of_graphs_0330,.,kolman,18,27,3,5,0.07,ok
house_of_graphs_0330,.,okamoto_exact,18,27,3,5,1021.04,ok
house_of_graphs_0350,.,kolman,15,25,4,6,0.08,ok
house_of_graphs_0350,.,okamoto_exact,15,25,4,6,28.42,ok
house_of_graphs_0370,.,kolman,16,32,4,6,0.06,ok
house_of_graphs_0370,.,okamoto_exact,16,32,4,6,75.51,ok
house_of_graphs_0390,.,kolman,18,54,6,14,0.08,ok
house_of_graphs_0390,.,okamoto_exact,18,54,6,10,816.55,ok
house_of_graphs_0410,.,kolman,14,28,4,6,0.04,ok
house_of_graphs_0410,.,okamoto_exact,14,28,4,6,7.51,ok
house_of_graphs_0430,.,kolman,18,81,9,24,0.07,ok
house_of_graphs_0430,.,okamoto_exact,18,81,9,16,661.55,ok
house_of_graphs_0450,.,kolman,16,24,3,5,0.12,ok
house_of_graphs_0450,.,okamoto_exact,16,24,3,4,75.17,ok
house_of_graphs_0470,.,kolman,18,63,7,24,0.07,ok
house_of_graphs_0470,.,okamoto_exact,18,63,7,15,720.05,ok
house_of_graphs_0490,.,kolman,19,46,12,14,0.27,ok
house_of_graphs_0490,.,okamoto_exact,19,46,12,7,5299.43,ok
house_of_graphs_0510,.,kolman,19,45,9,11,0.39,ok
house_of_graphs_0510,.,okamoto_exact,19,45,9,7,5518.16,ok
house_of_graphs_0530,.,kolman,19,45,10,10,0.17,ok
house_of_graphs_0530,.,okamoto_exact,19,45,10,8,2231.4,ok
house_of_graphs_0550,.,kolman,19,45,9,9,0.48,ok
house_of_graphs_0550,.,okamoto_exact,19,45,9,7,6683.36,ok
house_of_graphs_0570,.,kolman,19,44,9,9,0.18,ok
house_of_graphs_0570,.,okamoto_exact,19,44,9,7,5504.44,ok
house_of_graphs_0590,.,kolman,19,43,9,10,0.3,ok
house_of_graphs_0590,.,okamoto_exact,19,43,9,6,3495.99,ok
house_of_graphs_0610,.,kolman,19,45,10,10,0.18,ok
house_of_graphs_0610,.,okamoto_exact,19,45,10,7,3098.62,ok
house_of_graphs_0630,.,kolman,19,43,9,9,0.27,ok
house_of_graphs_0630,.,okamoto_exact,19,43,9,8,2836.44,ok
house_of_graphs_0650,.,kolman,19,46,10,12,0.12,ok
house_of_graphs_0650,.,okamoto_exact,19,46,10,8,2897.26,ok
house_of_graphs_0670,.,kolman,19,47,11,11,0.28,ok
house_of_graphs_0670,.,okamoto_exact,19,47,11,8,5372.64,ok
house_of_graphs_0690,.,kolman,19,45,9,12,0.2,ok
house_of_graphs_0690,.,okamoto_exact,19,45,9,8,5399.85,ok
house_of_graphs_0710,.,kolman,19,45,9,12,0.18,ok
house_of_graphs_0710,.,okamoto_exact,19,45,9,8,2751.17,ok
house_of_graphs_0730,.,kolman,19,47,10,12,0.16,ok
house_of_graphs_0730,.,okamoto_exact,19,47,10,9,2562.21,ok
house_of_graphs_0750,.,kolman,19,46,9,9,0.13,ok
house_of_graphs_0750,.,okamoto_exact,19,46,9,7,2948.63,ok
house_of_graphs_0770,.,kolman,19,46,10,11,0.17,ok
house_of_graphs_0770,.,okamoto_exact,19,46,10,7,2809.57,ok
house_of_graphs_0790,.,kolman,19,45,10,12,0.27,ok
house_of_graphs_0790,.,okamoto_exact,19,45,10,7,5409.27,ok
house_of_graphs_0810,.,kolman,19,47,10,9,0.26,ok
house_of_graphs_0810,.,okamoto_exact,19,47,10,7,5573.26,ok
house_of_graphs_0830,.,kolman,19,47,11,11,0.26,ok
house_of_graphs_0830,.,okamoto_exact,19,47,11,9,3193.46,ok
house_of_graphs_0850,.,kolman,19,48,10,10,0.18,ok
house_of_graphs_0850,.,okamoto_exact,19,48,10,9,3104.99,ok
house_of_graphs_0870,.,kolman,19,45,9,10,0.19,ok
house_of_graphs_0870,.,okamoto_exact,19,45,9,8,2914.48,ok
house_of_graphs_0890,.,kolman,17,23,4,6,0.03,ok
house_of_graphs_0890,.,okamoto_exact,17,23,4,5,308.35,ok
house_of_graphs_0910,.,kolman,17,24,4,5,0.05,ok
house_of_graphs_0910,.,okamoto_exact,17,24,4,5,307.38,ok
house_of_graphs_0930,.,kolman,18,26,4,6,0.07,ok
house_of_graphs_0930,.,okamoto_exact,18,26,4,5,1013.63,ok
house_of_graphs_0950,.,kolman,18,26,4,6,0.11,ok
house_of_graphs_0950,.,okamoto_exact,18,26,4,5,1011.37,ok
house_of_graphs_0970,.,kolman,18,25,4,8,0.1,ok
house_of_graphs_0970,.,okamoto_exact,18,25,4,5,1012.69,ok
house_of_graphs_0990,.,kolman,18,27,4,9,0.1,ok
house_of_graphs_0990,.,okamoto_exact,18,27,4,6,981.78,ok
house_of_graphs_1010,.,kolman,18,26,4,7,0.07,ok
house_of_graphs_1010,.,okamoto_exact,18,26,4,5,966.79,ok
house_of_graphs_1030,.,kolman,18,26,4,6,0.16,ok
house_of_graphs_1030,.,okamoto_exact,18,26,4,5,960.2,ok
house_of_graphs_1050,.,kolman,18,27,5,7,0.11,ok
house_of_graphs_1050,.,okamoto_exact,18,27,5,6,1011.0,ok
house_of_graphs_1070,.,kolman,18,24,4,6,0.07,ok
house_of_graphs_1070,.,okamoto_exact,18,24,4,5,1043.2,ok
house_of_graphs_1090,.,kolman,18,27,4,8,0.11,ok
house_of_graphs_1090,.,okamoto_exact,18,27,4,5,855.37,ok
house_of_graphs_1110,.,kolman,18,24,4,7,0.1,ok
house_of_graphs_1110,.,okamoto_exact,18,24,4,5,1043.62,ok
house_of_graphs_1130,.,kolman,18,26,4,7,0.11,ok
house_of_graphs_1130,.,okamoto_exact,18,26,4,5,1002.56,ok
house_of_graphs_1150,.,kolman,18,25,4,6,0.1,ok
house_of_graphs_1150,.,okamoto_exact,18,25,4,5,1000.86,ok
house_of_graphs_1170,.,kolman,18,25,4,8,0.12,ok
house_of_graphs_1170,.,okamoto_exact,18,25,4,5,1028.18,ok
house_of_graphs_1190,.,kolman,18,26,4,6,0.11,ok
house_of_graphs_1190,.,okamoto_exact,18,26,4,5,1044.03,ok
house_of_graphs_1210,.,kolman,18,24,4,6,0.1,ok
house_of_graphs_1210,.,okamoto_exact,18,24,4,5,1013.79,ok
house_of_graphs_1230,.,kolman,18,27,5,8,0.12,ok
house_of_graphs_1230,.,okamoto_exact,18,27,5,5,1016.37,ok
house_of_graphs_1250,.,kolman,18,25,4,7,0.07,ok
house_of_graphs_1250,.,okamoto_exact,18,25,4,5,1098.29,ok
house_of_graphs_1270,.,kolman,18,26,4,7,0.11,ok
house_of_graphs_1270,.,okamoto_exact,18,26,4,5,1035.88,ok
house_of_graphs_1290,.,kolman,18,36,4,6,0.07,ok
house_of_graphs_1290,.,okamoto_exact,18,36,4,6,875.54,ok
house_of_graphs_1310,.,kolman,19,38,4,6,0.18,ok
house_of_graphs_1310,.,okamoto_exact,19,38,4,4,4596.44,ok
house_of_graphs_1330,.,kolman,18,29,4,7,0.1,ok
house_of_graphs_1330,.,okamoto_exact,18,29,4,5,1023.21,ok
house_of_graphs_1350,.,kolman,18,28,4,7,0.1,ok
house_of_graphs_1350,.,okamoto_exact,18,28,4,4,875.68,ok
house_of_graphs_1370,.,kolman,14,54,8,20,0.01,ok
house_of_graphs_1370,.,okamoto_exact,14,54,8,14,7.09,ok
house_of_graphs_1390,.,kolman,19,78,12,24,0.28,ok
house_of_graphs_1390,.,okamoto_exact,19,78,12,15,3366.85,ok
house_of_graphs_1410,.,kolman,19,74,13,21,0.22,ok
house_of_graphs_1410,.,okamoto_exact,19,74,13,14,3780.98,ok
house_of_graphs_1430,.,kolman,19,28,3,8,0.12,ok
house_of_graphs_1430,.,okamoto_exact,19,28,3,6,2918.83,ok
house_of_graphs_1450,.,kolman,15,15,2,2,0.01,ok
house_of_graphs_1450,.,okamoto_exact,15,15,2,2,22.66,ok
house_of_graphs_1470,.,kolman,18,36,4,10,0.08,ok
house_of_graphs_1470,.,okamoto_exact,18,36,4,10,615.14,ok
house_of_graphs_1490,.,kolman,18,36,4,12,0.07,ok
house_of_graphs_1490,.,okamoto_exact,18,36,4,10,678.5,ok
house_of_graphs_1510,.,kolman,18,30,4,7,0.07,ok
house_of_graphs_1510,.,okamoto_exact,18,30,4,5,953.31,ok
house_of_graphs_1530,.,kolman,14,25,5,9,0.04,ok
house_of_graphs_1530,.,okamoto_exact,14,25,5,6,9.53,ok
house_of_graphs_1550,.,kolman,16,60,8,23,0.02,ok
house_of_graphs_1550,.,okamoto_exact,16,60,8,13,85.51,ok
house_of_graphs_1570,.,kolman,16,32,4,8,0.02,ok
house_of_graphs_1570,.,okamoto_exact,16,32,4,8,72.97,ok
house_of_graphs_1590,.,kolman,18,36,4,12,0.08,ok
house_of_graphs_1590,.,okamoto_exact,18,36,4,10,632.02,ok
house_of_graphs_1610,.,kolman,16,31,5,8,0.08,ok
house_of_graphs_1610,.,okamoto_exact,16,31,5,7,93.54,ok
house_of_graphs_1630,.,kolman,16,25,5,7,0.02,ok
house_of_graphs_1630,.,okamoto_exact,16,25,5,5,74.11,ok
house_of_graphs_1650,.,kolman,19,30,6,7,0.2,ok
house_of_graphs_1650,.,okamoto_exact,19,30,6,5,5335.59,ok
house_of_graphs_1670,.,kolman,16,21,3,5,0.02,ok
house_of_graphs_1670,.,okamoto_exact,16,21,3,4,82.39,ok
house_of_graphs_1690,.,kolman,16,40,5,14,0.02,ok
house_of_graphs_1690,.,okamoto_exact,16,40,5,11,57.83,ok
house_of_graphs_1710,.,kolman,17,41,5,15,0.05,ok
house_of_graphs_1710,.,okamoto_exact,17,41,5,11,283.92,ok
house_of_graphs_1730,.,kolman,18,27,4,5,0.11,ok
house_of_graphs_1730,.,okamoto_exact,18,27,4,4,1058.11,ok
house_of_graphs_1750,.,kolman,14,29,9,9,0.04,ok
house_of_graphs_1750,.,okamoto_exact,14,29,9,8,6.88,ok
house_of_graphs_1770,.,kolman,15,18,3,4,0.01,ok
house_of_graphs_1770,.,okamoto_exact,15,18,3,4,25.91,ok
house_of_graphs_1790,.,kolman,16,60,10,28,0.02,ok
house_of_graphs_1790,.,okamoto_exact,16,60,10,14,72.68,ok
house_of_graphs_1810,.,kolman,18,80,10,40,0.09,ok
house_of_graphs_1810,.,okamoto_exact,18,80,10,16,727.29,ok
house_of_graphs_1830,.,kolman,14,63,9,25,0.11,ok
house_of_graphs_1830,.,okamoto_exact,14,63,9,16,6.06,ok
house_of_graphs_1850,.,kolman,14,24,5,7,0.01,ok
house_of_graphs_1850,.,okamoto_exact,14,24,5,5,7.25,ok
house_of_graphs_1870,.,kolman,15,26,5,6,0.01,ok
house_of_graphs_1870,.,okamoto_exact,15,26,5,6,29.55,ok
house_of_graphs_1890,.,kolman,17,20,5,5,0.04,ok
house_of_graphs_1890,.,okamoto_exact,17,20,5,5,259.46,ok
house_of_graphs_1910,.,kolman,16,22,3,6,0.03,ok
house_of_graphs_1910,.,okamoto_exact,16,22,3,4,79.38,ok
house_of_graphs_1930,.,kolman,19,30,4,6,0.36,ok
house_of_graphs_1930,.,okamoto_exact,19,30,4,5,4735.28,ok
house_of_graphs_1950,.,kolman,16,28,7,8,0.02,ok
house_of_graphs_1950,.,okamoto_exact,16,28,7,8,96.97,ok
house_of_graphs_1970,.,kolman,15,71,14,36,0.02,ok
house_of_graphs_1970,.,okamoto_exact,15,71,14,14,29.98,ok
house_of_graphs_0011,.,kolman,15,14,4,1,0.0,ok
house_of_graphs_0011,.,okamoto_exact,15,14,4,1,23.17,ok
house_of_graphs_0031,.,kolman,15,14,4,1,0.0,ok
house_of_graphs_0031,.,okamoto_exact,15,14,4,1,22.34,ok
house_of_graphs_0051,.,kolman,16,27,4,4,0.02,ok
house_of_graphs_0051,.,okamoto_exact,16,27,4,4,107.49,ok
house_of_graphs_0071,.,kolman,19,52,7,19,0.33,ok
house_of_graphs_0071,.,okamoto_exact,19,52,7,12,2993.77,ok
house_of_graphs_0091,.,kolman,19,52,7,20,0.12,ok
house_of_graphs_0091,.,okamoto_exact,19,52,7,12,2635.8,ok
house_of_graphs_0111,.,kolman,19,62,7,22,0.19,ok
house_of_graphs_0111,.,okamoto_exact,19,62,7,15,5112.54,ok
house_of_graphs_0131,.,kolman,19,52,6,19,0.19,ok
house_of_graphs_0131,.,okamoto_exact,19,52,6,13,3882.74,ok
house_of_graphs_0151,.,kolman,19,37,5,12,0.65,ok
house_of_graphs_0151,.,okamoto_exact,19,37,5,8,6400.0,ok
house_of_graphs_0171,.,kolman,19,37,5,11,0.3,ok
house_of_graphs_0171,.,okamoto_exact,19,37,5,8,2848.14,ok
house_of_graphs_0191,.,kolman,14,36,9,12,0.01,ok
house_of_graphs_0191,.,okamoto_exact,14,36,9,10,9.69,ok
house_of_graphs_0211,.,kolman,16,36,5,10,0.02,ok
house_of_graphs_0211,.,okamoto_exact,16,36,5,9,79.31,ok
house_of_graphs_0231,.,kolman,19,33,6,9,0.29,ok
house_of_graphs_0231,.,okamoto_exact,19,33,6,6,4250.43,ok
house_of_graphs_0251,.,kolman,19,32,5,8,0.29,ok
house_of_graphs_0251,.,okamoto_exact,19,32,5,7,5336.36,ok
house_of_graphs_0271,.,kolman,19,32,5,8,0.19,ok
house_of_graphs_0271,.,okamoto_exact,19,32,5,6,2324.9,ok
house_of_graphs_0291,.,kolman,19,35,5,12,0.18,ok
house_of_graphs_0291,.,okamoto_exact,19,35,5,8,2765.18,ok
house_of_graphs_0311,.,kolman,18,27,3,7,0.07,ok
house_of_graphs_0311,.,okamoto_exact,18,27,3,5,831.01,ok
house_of_graphs_0331,.,kolman,18,27,3,5,0.1,ok
house_of_graphs_0331,.,okamoto_exact,18,27,3,5,842.94,ok
house_of_graphs_0351,.,kolman,16,33,6,12,0.09,ok
house_of_graphs_0351,.,okamoto_exact,16,33,6,6,96.96,ok
house_of_graphs_0371,.,kolman,17,34,4,6,0.04,ok
house_of_graphs_0371,.,okamoto_exact,17,34,4,6,252.28,ok
house_of_graphs_0391,.,kolman,19,57,6,12,0.1,ok
house_of_graphs_0391,.,okamoto_exact,19,57,6,10,2255.99,ok
house_of_graphs_0411,.,kolman,15,30,4,8,0.01,ok
house_of_graphs_0411,.,okamoto_exact,15,30,4,8,22.88,ok
house_of_graphs_0431,.,kolman,16,22,4,4,0.02,ok
house_of_graphs_0431,.,okamoto_exact,16,22,4,4,81.26,ok
house_of_graphs_0451,.,kolman,16,24,3,6,0.02,ok
house_of_graphs_0451,.,okamoto_exact,16,24,3,5,79.42,ok
house_of_graphs_0471,.,kolman,15,61,14,25,0.02,ok
house_of_graphs_0471,.,okamoto_exact,15,61,14,8,27.54,ok
house_of_graphs_0491,.,kolman,19,47,13,13,0.18,ok
house_of_graphs_0491,.,okamoto_exact,19,47,13,8,5351.25,ok
house_of_graphs_0511,.,kolman,19,46,10,11,0.11,ok
house_of_graphs_0511,.,okamoto_exact,19,46,10,8,2694.94,ok
house_of_graphs_0531,.,kolman,19,46,10,10,0.28,ok
house_of_graphs_0531,.,okamoto_exact,19,46,10,8,5599.44,ok
house_of_graphs_0551,.,kolman,19,46,10,10,0.28,ok
house_of_graphs_0551,.,okamoto_exact,19,46,10,8,5523.94,ok
house_of_graphs_0571,.,kolman,19,45,9,9,0.18,ok
house_of_graphs_0571,.,okamoto_exact,19,45,9,8,2674.43,ok
house_of_graphs_0591,.,kolman,19,44,10,11,0.2,ok
house_of_graphs_0591,.,okamoto_exact,19,44,10,6,2885.69,ok
house_of_graphs_0611,.,kolman,19,44,9,10,0.2,ok
house_of_graphs_0611,.,okamoto_exact,19,44,9,7,5546.71,ok
house_of_graphs_0631,.,kolman,19,43,9,9,0.27,ok
house_of_graphs_0631,.,okamoto_exact,19,43,9,7,2883.58,ok
house_of_graphs_0651,.,kolman,19,47,10,10,0.11,ok
house_of_graphs_0651,.,okamoto_exact,19,47,10,8,2746.89,ok
house_of_graphs_0671,.,kolman,19,45,9,10,0.29,ok
house_of_graphs_0671,.,okamoto_exact,19,45,9,7,5613.95,ok
house_of_graphs_0691,.,kolman,19,43,9,10,0.18,ok
house_of_graphs_0691,.,okamoto_exact,19,43,9,7,2647.14,ok
house_of_graphs_0711,.,kolman,19,46,10,13,0.31,ok
house_of_graphs_0711,.,okamoto_exact,19,46,10,9,4990.4,ok
house_of_graphs_0731,.,kolman,19,45,8,9,0.28,ok
house_of_graphs_0731,.,okamoto_exact,19,45,8,7,5551.9,ok
house_of_graphs_0751,.,kolman,19,47,10,10,0.32,ok
house_of_graphs_0751,.,okamoto_exact,19,47,10,8,5527.72,ok
house_of_graphs_0771,.,kolman,19,43,9,10,0.18,ok
house_of_graphs_0771,.,okamoto_exact,19,43,9,7,2847.31,ok
house_of_graphs_0791,.,kolman,19,45,9,11,0.23,ok
house_of_graphs_0791,.,okamoto_exact,19,45,9,7,2989.76,ok
house_of_graphs_0811,.,kolman,19,48,10,10,0.32,ok
house_of_graphs_0811,.,okamoto_exact,19,48,10,8,2317.73,ok
house_of_graphs_0831,.,kolman,19,44,9,11,0.17,ok
house_of_graphs_0831,.,okamoto_exact,19,44,9,8,2544.78,ok
house_of_graphs_0851,.,kolman,19,44,8,8,0.45,ok
house_of_graphs_0851,.,okamoto_exact,19,44,8,7,5995.37,ok
house_of_graphs_0871,.,kolman,19,42,7,8,0.3,ok
house_of_graphs_0871,.,okamoto_exact,19,42,7,6,5001.63,ok
house_of_graphs_0891,.,kolman,17,23,4,7,0.04,ok
house_of_graphs_0891,.,okamoto_exact,17,23,4,5,321.35,ok
house_of_graphs_0911,.,kolman,17,25,4,7,0.06,ok
house_of_graphs_0911,.,okamoto_exact,17,25,4,5,332.85,ok
house_of_graphs_0931,.,kolman,18,26,4,6,0.07,ok
house_of_graphs_0931,.,okamoto_exact,18,26,4,5,1062.73,ok
house_of_graphs_0951,.,kolman,18,27,5,7,0.1,ok
house_of_graphs_0951,.,okamoto_exact,18,27,5,5,1055.6,ok
house_of_graphs_0971,.,kolman,18,25,4,7,0.1,ok
house_of_graphs_0971,.,okamoto_exact,18,25,4,5,1061.77,ok
house_of_graphs_0991,.,kolman,18,27,4,6,0.11,ok
house_of_graphs_0991,.,okamoto_exact,18,27,4,6,1026.02,ok
house_of_graphs_1011,.,kolman,18,25,4,8,0.11,ok
house_of_graphs_1011,.,okamoto_exact,18,25,4,5,1063.99,ok
house_of_graphs_1031,.,kolman,18,25,4,6,0.13,ok
house_of_graphs_1031,.,okamoto_exact,18,25,4,4,905.99,ok
house_of_graphs_1051,.,kolman,18,26,4,8,0.07,ok
house_of_graphs_1051,.,okamoto_exact,18,26,4,5,1047.7,ok
house_of_graphs_1071,.,kolman,18,24,4,5,0.11,ok
house_of_graphs_1071,.,okamoto_exact,18,24,4,4,884.14,ok
house_of_graphs_1091,.,kolman,18,26,4,6,0.07,ok
house_of_graphs_1091,.,okamoto_exact,18,26,4,5,1019.2,ok
house_of_graphs_1111,.,kolman,18,25,4,7,0.11,ok
house_of_graphs_1111,.,okamoto_exact,18,25,4,5,1074.2,ok
house_of_graphs_1131,.,kolman,18,26,4,8,0.07,ok
house_of_graphs_1131,.,okamoto_exact,18,26,4,5,1035.81,ok
house_of_graphs_1151,.,kolman,18,25,4,6,0.11,ok
house_of_graphs_1151,.,okamoto_exact,18,25,4,5,1024.39,ok
house_of_graphs_1171,.,kolman,18,25,4,6,0.07,ok
house_of_graphs_1171,.,okamoto_exact,18,25,4,5,1016.26,ok
house_of_graphs_1191,.,kolman,18,25,4,6,0.15,ok
house_of_graphs_1191,.,okamoto_exact,18,25,4,5,1024.3,ok
house_of_graphs_1211,.,kolman,18,25,4,6,0.1,ok
house_of_graphs_1211,.,okamoto_exact,18,25,4,5,1021.55,ok
house_of_graphs_1231,.,kolman,18,27,5,9,0.11,ok
house_of_graphs_1231,.,okamoto_exact,18,27,5,5,1004.19,ok
house_of_graphs_1251,.,kolman,18,25,4,6,0.07,ok
house_of_graphs_1251,.,okamoto_exact,18,25,4,5,1007.39,ok
house_of_graphs_1271,.,kolman,18,26,4,6,0.11,ok
house_of_graphs_1271,.,okamoto_exact,18,26,4,5,1027.44,ok
house_of_graphs_1291,.,kolman,19,38,4,6,0.33,ok
house_of_graphs_1291,.,okamoto_exact,19,38,4,6,2378.83,ok
house_of_graphs_1311,.,kolman,19,38,4,6,0.16,ok
house_of_graphs_1311,.,okamoto_exact,19,38,4,6,2184.15,ok
house_of_graphs_1331,.,kolman,15,39,6,12,0.05,ok
house_of_graphs_1331,.,okamoto_exact,15,39,6,10,29.74,ok
house_of_graphs_1351,.,kolman,14,20,4,5,0.01,ok
house_of_graphs_1351,.,okamoto_exact,14,20,4,5,7.59,ok
house_of_graphs_1371,.,kolman,14,53,9,20,0.01,ok
house_of_graphs_1371,.,okamoto_exact,14,53,9,13,8.86,ok
house_of_graphs_1391,.,kolman,19,78,12,25,0.12,ok
house_of_graphs_1391,.,okamoto_exact,19,78,12,15,3094.71,ok
house_of_graphs_1411,.,kolman,15,27,4,8,0.01,ok
house_of_graphs_1411,.,okamoto_exact,15,27,4,7,29.13,ok
house_of_graphs_1431,.,kolman,19,28,3,7,0.2,ok
house_of_graphs_1431,.,okamoto_exact,19,28,3,6,5278.34,ok
house_of_graphs_1451,.,kolman,15,45,6,18,0.01,ok
house_of_graphs_1451,.,okamoto_exact,15,45,6,14,17.14,ok
house_of_graphs_1471,.,kolman,18,54,6,18,0.07,ok
house_of_graphs_1471,.,okamoto_exact,18,54,6,14,717.56,ok
house_of_graphs_1491,.,kolman,18,36,4,12,0.07,ok
house_of_graphs_1491,.,okamoto_exact,18,36,4,10,670.45,ok
house_of_graphs_1511,.,kolman,18,81,9,30,0.13,ok
house_of_graphs_1511,.,okamoto_exact,18,81,9,16,635.44,ok
house_of_graphs_1531,.,kolman,18,27,3,7,0.07,ok
house_of_graphs_1531,.,okamoto_exact,18,27,3,5,792.17,ok
house_of_graphs_1551,.,kolman,16,60,8,23,0.06,ok
house_of_graphs_1551,.,okamoto_exact,16,60,8,13,83.99,ok
house_of_graphs_1571,.,kolman,16,32,4,10,0.03,ok
house_of_graphs_1571,.,okamoto_exact,16,32,4,8,76.28,ok
house_of_graphs_1591,.,kolman,18,36,4,12,0.08,ok
house_of_graphs_1591,.,okamoto_exact,18,36,4,10,615.96,ok
house_of_graphs_1611,.,kolman,16,31,6,12,0.19,ok
house_of_graphs_1611,.,okamoto_exact,16,31,6,7,94.59,ok
house_of_graphs_1631,.,kolman,16,25,5,6,0.03,ok
house_of_graphs_1631,.,okamoto_exact,16,25,5,5,78.15,ok
house_of_graphs_1651,.,kolman,19,30,6,10,0.28,ok
house_of_graphs_1651,.,okamoto_exact,19,30,6,5,5430.53,ok
house_of_graphs_1671,.,kolman,17,18,4,3,0.03,ok
house_of_graphs_1671,.,okamoto_exact,17,18,4,3,273.64,ok
house_of_graphs_1691,.,kolman,16,40,5,13,0.04,ok
house_of_graphs_1691,.,okamoto_exact,16,40,5,11,58.9,ok
house_of_graphs_1711,.,kolman,17,40,5,16,0.05,ok
house_of_graphs_1711,.,okamoto_exact,17,40,5,11,230.09,ok
house_of_graphs_1731,.,kolman,16,24,4,5,0.05,ok
house_of_graphs_1731,.,okamoto_exact,16,24,4,4,82.68,ok
house_of_graphs_1751,.,kolman,14,22,4,5,0.01,ok
house_of_graphs_1751,.,okamoto_exact,14,22,4,5,7.67,ok
house_of_graphs_1771,.,kolman,15,20,4,6,0.03,ok
house_of_graphs_1771,.,okamoto_exact,15,20,4,4,20.44,ok
house_of_graphs_1791,.,kolman,16,55,11,26,0.02,ok
house_of_graphs_1791,.,okamoto_exact,16,55,11,14,73.8,ok
house_of_graphs_1811,.,kolman,18,77,11,38,0.07,ok
house_of_graphs_1811,.,okamoto_exact,18,77,11,16,725.99,ok
house_of_graphs_1831,.,kolman,18,24,4,6,0.18,ok
house_of_graphs_1831,.,okamoto_exact,18,24,4,5,992.31,ok
house_of_graphs_1851,.,kolman,14,24,5,6,0.05,ok
house_of_graphs_1851,.,okamoto_exact,14,24,5,5,7.51,ok
house_of_graphs_1871,.,kolman,15,26,6,7,0.01,ok
house_of_graphs_1871,.,okamoto_exact,15,26,6,5,24.44,ok
house_of_graphs_1891,.,kolman,17,20,3,5,0.04,ok
house_of_graphs_1891,.,okamoto_exact,17,20,3,4,268.89,ok
house_of_graphs_1911,.,kolman,16,15,2,1,0.0,ok
house_of_graphs_1911,.,okamoto_exact,16,15,2,1,91.69,ok
house_of_graphs_1931,.,kolman,16,24,3,7,0.02,ok
house_of_graphs_1931,.,okamoto_exact,16,24,3,5,78.63,ok
house_of_graphs_1951,.,kolman,15,10,2,,,invalid_graph
house_of_graphs_1951,.,okamoto_exact,15,10,2,,,invalid_graph
house_of_graphs_1971,.,kolman,18,27,3,7,0.1,ok
house_of_graphs_1971,.,okamoto_exact,18,27,3,5,998.0,ok
house_of_graphs_0012,.,kolman,14,13,4,1,0.0,ok
house_of_graphs_0012,.,okamoto_exact,14,13,4,1,6.84,ok
house_of_graphs_0032,.,kolman,15,14,2,1,0.0,ok
house_of_graphs_0032,.,okamoto_exact,15,14,2,1,22.96,ok
house_of_graphs_0052,.,kolman,18,27,3,7,0.08,ok
house_of_graphs_0052,.,okamoto_exact,18,27,3,7,960.05,ok
house_of_graphs_0072,.,kolman,19,51,6,17,0.19,ok
house_of_graphs_0072,.,okamoto_exact,19,51,6,12,5902.89,ok
house_of_graphs_0092,.,kolman,19,54,6,19,0.19,ok
house_of_graphs_0092,.,okamoto_exact,19,54,6,13,4283.66,ok
house_of_graphs_0112,.,kolman,19,53,7,21,0.19,ok
house_of_graphs_0112,.,okamoto_exact,19,53,7,12,5876.25,ok
house_of_graphs_0132,.,kolman,19,52,6,19,0.33,ok
house_of_graphs_0132,.,okamoto_exact,19,52,6,13,5242.33,ok
house_of_graphs_0152,.,kolman,19,37,5,11,0.14,ok
house_of_graphs_0152,.,okamoto_exact,19,37,5,8,3234.72,ok
house_of_graphs_0172,.,kolman,19,37,4,10,0.29,ok
house_of_graphs_0172,.,okamoto_exact,19,37,4,8,5282.61,ok
house_of_graphs_0192,.,kolman,15,45,6,18,0.01,ok
house_of_graphs_0192,.,okamoto_exact,15,45,6,12,21.19,ok
house_of_graphs_0212,.,kolman,16,26,5,8,0.02,ok
house_of_graphs_0212,.,okamoto_exact,16,26,5,5,77.31,ok
house_of_graphs_0232,.,kolman,19,34,6,10,0.21,ok
house_of_graphs_0232,.,okamoto_exact,19,34,6,7,4821.26,ok
house_of_graphs_0252,.,kolman,19,33,5,10,0.2,ok
house_of_graphs_0252,.,okamoto_exact,19,33,5,7,2647.6,ok
house_of_graphs_0272,.,kolman,19,33,5,8,0.15,ok
house_of_graphs_0272,.,okamoto_exact,19,33,5,7,3398.17,ok
house_of_graphs_0292,.,kolman,19,32,5,9,0.28,ok
house_of_graphs_0292,.,okamoto_exact,19,32,5,6,4386.51,ok
house_of_graphs_0312,.,kolman,18,27,3,6,0.06,ok
house_of_graphs_0312,.,okamoto_exact,18,27,3,5,839.78,ok
house_of_graphs_0332,.,kolman,18,27,3,5,0.1,ok
house_of_graphs_0332,.,okamoto_exact,18,27,3,5,833.99,ok
house_of_graphs_0352,.,kolman,14,28,5,10,0.04,ok
house_of_graphs_0352,.,okamoto_exact,14,28,5,6,9.53,ok
house_of_graphs_0372,.,kolman,14,28,5,8,0.01,ok
house_of_graphs_0372,.,okamoto_exact,14,28,5,6,9.49,ok
house_of_graphs_0392,.,kolman,14,49,7,17,0.01,ok
house_of_graphs_0392,.,okamoto_exact,14,49,7,12,6.72,ok
house_of_graphs_0412,.,kolman,17,34,4,8,0.04,ok
house_of_graphs_0412,.,okamoto_exact,17,34,4,6,254.28,ok
house_of_graphs_0432,.,kolman,15,40,6,14,0.03,ok
house_of_graphs_0432,.,okamoto_exact,15,40,6,10,27.15,ok
house_of_graphs_0452,.,kolman,16,24,3,5,0.02,ok
house_of_graphs_0452,.,okamoto_exact,16,24,3,4,81.08,ok
house_of_graphs_0472,.,kolman,16,24,3,4,0.03,ok
house_of_graphs_0472,.,okamoto_exact,16,24,3,3,84.34,ok
house_of_graphs_0492,.,kolman,19,46,12,10,0.2,ok
house_of_graphs_0492,.,okamoto_exact,19,46,12,8,2799.79,ok
house_of_graphs_0512,.,kolman,19,46,10,11,0.38,ok
house_of_graphs_0512,.,okamoto_exact,19,46,10,7,2670.07,ok
house_of_graphs_0532,.,kolman,19,44,9,9,0.19,ok
house_of_graphs_0532,.,okamoto_exact,19,44,9,6,3000.11,ok
house_of_graphs_0552,.,kolman,19,47,10,10,0.38,ok
house_of_graphs_0552,.,okamoto_exact,19,47,10,8,5379.94,ok
house_of_graphs_0572,.,kolman,19,43,8,8,0.16,ok
house_of_graphs_0572,.,okamoto_exact,19,43,8,6,2274.38,ok
house_of_graphs_0592,.,kolman,19,45,10,11,0.19,ok
house_of_graphs_0592,.,okamoto_exact,19,45,10,7,5412.45,ok
house_of_graphs_0612,.,kolman,19,45,10,10,0.17,ok
house_of_graphs_0612,.,okamoto_exact,19,45,10,8,2748.37,ok
house_of_graphs_0632,.,kolman,19,44,10,10,0.41,ok
house_of_graphs_0632,.,okamoto_exact,19,44,10,8,5498.72,ok
house_of_graphs_0652,.,kolman,19,48,11,11,0.24,ok
house_of_graphs_0652,.,okamoto_exact,19,48,11,8,2703.91,ok
house_of_graphs_0672,.,kolman,19,46,10,11,0.29,ok
house_of_graphs_0672,.,okamoto_exact,19,46,10,7,5421.9,ok
house_of_graphs_0692,.,kolman,19,44,10,11,0.15,ok
house_of_graphs_0692,.,okamoto_exact,19,44,10,8,2510.31,ok
house_of_graphs_0712,.,kolman,19,45,9,10,0.19,ok
house_of_graphs_0712,.,okamoto_exact,19,45,9,8,2982.98,ok
house_of_graphs_0732,.,kolman,19,46,9,10,0.12,ok
house_of_graphs_0732,.,okamoto_exact,19,46,9,8,2923.82,ok
house_of_graphs_0752,.,kolman,19,45,9,11,0.26,ok
house_of_graphs_0752,.,okamoto_exact,19,45,9,7,2778.22,ok
house_of_graphs_0772,.,kolman,19,44,10,11,0.27,ok
house_of_graphs_0772,.,okamoto_exact,19,44,10,8,5560.18,ok
house_of_graphs_0792,.,kolman,19,46,10,12,0.12,ok
house_of_graphs_0792,.,okamoto_exact,19,46,10,8,2712.33,ok
house_of_graphs_0812,.,kolman,19,49,11,11,0.29,ok
house_of_graphs_0812,.,okamoto_exact,19,49,11,9,5348.29,ok
house_of_graphs_0832,.,kolman,19,45,10,11,0.2,ok
house_of_graphs_0832,.,okamoto_exact,19,45,10,9,2568.57,ok
house_of_graphs_0852,.,kolman,19,45,9,9,0.21,ok
house_of_graphs_0852,.,okamoto_exact,19,45,9,8,3227.51,ok
house_of_graphs_0872,.,kolman,19,43,8,9,0.18,ok
house_of_graphs_0872,.,okamoto_exact,19,43,8,7,5395.27,ok
house_of_graphs_0892,.,kolman,17,23,4,5,0.04,ok
house_of_graphs_0892,.,okamoto_exact,17,23,4,4,271.72,ok
house_of_graphs_0912,.,kolman,18,25,4,6,0.07,ok
house_of_graphs_0912,.,okamoto_exact,18,25,4,5,1057.35,ok
house_of_graphs_0932,.,kolman,18,27,4,6,0.11,ok
house_of_graphs_0932,.,okamoto_exact,18,27,4,6,1052.26,ok
house_of_graphs_0952,.,kolman,18,26,4,6,0.07,ok
house_of_graphs_0952,.,okamoto_exact,18,26,4,6,1042.53,ok
house_of_graphs_0972,.,kolman,18,25,4,7,0.11,ok
house_of_graphs_0972,.,okamoto_exact,18,25,4,5,1062.9,ok
house_of_graphs_0992,.,kolman,18,27,4,9,0.11,ok
house_of_graphs_0992,.,okamoto_exact,18,27,4,6,1048.19,ok
house_of_graphs_1012,.,kolman,18,26,4,6,0.07,ok
house_of_graphs_1012,.,okamoto_exact,18,26,4,5,1055.46,ok
house_of_graphs_1032,.,kolman,18,25,4,6,0.11,ok
house_of_graphs_1032,.,okamoto_exact,18,25,4,5,1058.95,ok
house_of_graphs_1052,.,kolman,18,26,4,8,0.07,ok
house_of_graphs_1052,.,okamoto_exact,18,26,4,5,1064.67,ok
house_of_graphs_1072,.,kolman,18,26,4,7,0.1,ok
house_of_graphs_1072,.,okamoto_exact,18,26,4,6,1048.13,ok
house_of_graphs_1092,.,kolman,18,26,4,8,0.07,ok
house_of_graphs_1092,.,okamoto_exact,18,26,4,5,1072.38,ok
house_of_graphs_1112,.,kolman,18,26,4,7,0.11,ok
house_of_graphs_1112,.,okamoto_exact,18,26,4,5,1046.62,ok
house_of_graphs_1132,.,kolman,18,25,4,6,0.07,ok
house_of_graphs_1132,.,okamoto_exact,18,25,4,5,1042.57,ok
house_of_graphs_1152,.,kolman,18,26,4,6,0.12,ok
house_of_graphs_1152,.,okamoto_exact,18,26,4,5,1062.29,ok
house_of_graphs_1172,.,kolman,18,26,4,9,0.07,ok
house_of_graphs_1172,.,okamoto_exact,18,26,4,5,1054.29,ok
house_of_graphs_1192,.,kolman,18,26,5,7,0.1,ok
house_of_graphs_1192,.,okamoto_exact,18,26,5,5,1089.21,ok
house_of_graphs_1212,.,kolman,18,25,4,7,0.07,ok
house_of_graphs_1212,.,okamoto_exact,18,25,4,5,1079.15,ok
house_of_graphs_1232,.,kolman,18,25,4,5,0.11,ok
house_of_graphs_1232,.,okamoto_exact,18,25,4,5,1088.56,ok
house_of_graphs_1252,.,kolman,18,26,5,7,0.07,ok
house_of_graphs_1252,.,okamoto_exact,18,26,5,5,1090.65,ok
house_of_graphs_1272,.,kolman,18,26,4,8,0.11,ok
house_of_graphs_1272,.,okamoto_exact,18,26,4,5,1061.59,ok
house_of_graphs_1292,.,kolman,19,38,4,6,0.27,ok
house_of_graphs_1292,.,okamoto_exact,19,38,4,6,5079.4,ok
house_of_graphs_1312,.,kolman,16,40,5,9,0.02,ok
house_of_graphs_1312,.,okamoto_exact,16,40,5,5,105.01,ok
house_of_graphs_1332,.,kolman,14,21,3,4,0.01,ok
house_of_graphs_1332,.,okamoto_exact,14,21,3,4,8.07,ok
house_of_graphs_1352,.,kolman,18,26,4,6,0.14,ok
house_of_graphs_1352,.,okamoto_exact,18,26,4,5,1046.3,ok
house_of_graphs_1372,.,kolman,14,52,9,19,0.03,ok
house_of_graphs_1372,.,okamoto_exact,14,52,9,13,9.26,ok
house_of_graphs_1392,.,kolman,19,82,12,26,0.1,ok
house_of_graphs_1392,.,okamoto_exact,19,82,12,16,2710.07,ok
house_of_graphs_1412,.,kolman,14,39,6,16,0.01,ok
house_of_graphs_1412,.,okamoto_exact,14,39,6,11,5.73,ok
house_of_graphs_1432,.,kolman,15,30,4,8,0.01,ok
house_of_graphs_1432,.,okamoto_exact,15,30,4,8,17.91,ok
house_of_graphs_1452,.,kolman,15,60,8,26,0.02,ok
house_of_graphs_1452,.,okamoto_exact,15,60,8,14,16.59,ok
house_of_graphs_1472,.,kolman,18,72,8,32,0.07,ok
house_of_graphs_1472,.,okamoto_exact,18,72,8,20,468.18,ok
house_of_graphs_1492,.,kolman,15,45,6,18,0.01,ok
house_of_graphs_1492,.,okamoto_exact,15,45,6,12,19.92,ok
house_of_graphs_1512,.,kolman,15,30,4,12,0.02,ok
house_of_graphs_1512,.,okamoto_exact,15,30,4,8,22.38,ok
house_of_graphs_1532,.,kolman,16,24,3,6,0.02,ok
house_of_graphs_1532,.,okamoto_exact,16,24,3,5,76.46,ok
house_of_graphs_1552,.,kolman,14,14,3,2,0.01,ok
house_of_graphs_1552,.,okamoto_exact,14,14,3,2,8.17,ok
house_of_graphs_1572,.,kolman,16,32,4,10,0.02,ok
house_of_graphs_1572,.,okamoto_exact,16,32,4,8,77.26,ok
house_of_graphs_1592,.,kolman,18,36,4,10,0.08,ok
house_of_graphs_1592,.,okamoto_exact,18,36,4,10,654.33,ok
house_of_graphs_1612,.,kolman,18,27,3,7,0.13,ok
house_of_graphs_1612,.,okamoto_exact,18,27,3,6,1042.18,ok
house_of_graphs_1632,.,kolman,16,25,5,8,0.02,ok
house_of_graphs_1632,.,okamoto_exact,16,25,5,5,84.3,ok
house_of_graphs_1652,.,kolman,19,30,6,8,0.19,ok
house_of_graphs_1652,.,okamoto_exact,19,30,6,5,2831.15,ok
house_of_graphs_1672,.,kolman,14,21,3,5,0.01,ok
house_of_graphs_1672,.,okamoto_exact,14,21,3,5,7.64,ok
house_of_graphs_1692,.,kolman,16,40,5,14,0.02,ok
house_of_graphs_1692,.,okamoto_exact,16,40,5,11,57.65,ok
house_of_graphs_1712,.,kolman,17,41,5,15,0.05,ok
house_of_graphs_1712,.,okamoto_exact,17,41,5,11,232.68,ok
house_of_graphs_1732,.,kolman,17,45,9,13,0.06,ok
house_of_graphs_1732,.,okamoto_exact,17,45,9,11,251.06,ok
house_of_graphs_1752,.,kolman,14,22,4,6,0.02,ok
house_of_graphs_1752,.,okamoto_exact,14,22,4,5,7.16,ok
house_of_graphs_1772,.,kolman,15,20,4,4,0.01,ok
house_of_graphs_1772,.,okamoto_exact,15,20,4,4,20.52,ok
house_of_graphs_1792,.,kolman,16,48,12,24,0.02,ok
house_of_graphs_1792,.,okamoto_exact,16,48,12,14,68.2,ok
house_of_graphs_1812,.,kolman,18,72,12,36,0.08,ok
house_of_graphs_1812,.,okamoto_exact,18,72,12,16,771.21,ok
house_of_graphs_1832,.,kolman,19,26,5,7,0.24,ok
house_of_graphs_1832,.,okamoto_exact,19,26,5,5,2342.45,ok
house_of_graphs_1852,.,kolman,14,24,5,6,0.01,ok
house_of_graphs_1852,.,okamoto_exact,14,24,5,6,9.18,ok
house_of_graphs_1872,.,kolman,15,26,5,8,0.01,ok
house_of_graphs_1872,.,okamoto_exact,15,26,5,6,29.5,ok
house_of_graphs_1892,.,kolman,16,19,3,4,0.02,ok
house_of_graphs_1892,.,okamoto_exact,16,19,3,4,83.34,ok
house_of_graphs_1912,.,kolman,17,16,2,1,0.0,ok
house_of_graphs_1912,.,okamoto_exact,17,16,2,1,281.0,ok
house_of_graphs_1932,.,kolman,16,24,3,7,0.02,ok
house_of_graphs_1932,.,okamoto_exact,16,24,3,5,79.93,ok
house_of_graphs_1952,.,kolman,15,12,2,,,invalid_graph
house_of_graphs_1952,.,okamoto_exact,15,12,2,,,invalid_graph
house_of_graphs_1972,.,kolman,16,79,15,40,0.03,ok
house_of_graphs_1972,.,okamoto_exact,16,79,15,15,109.54,ok
house_of_graphs_0013,.,kolman,14,13,3,1,0.0,ok
house_of_graphs_0013,.,okamoto_exact,14,13,3,1,7.7,ok
house_of_graphs_0033,.,kolman,14,13,5,1,0.0,ok
house_of_graphs_0033,.,okamoto_exact,14,13,5,1,7.12,ok
house_of_graphs_0053,.,kolman,17,16,4,1,0.0,ok
house_of_graphs_0053,.,okamoto_exact,17,16,4,1,291.47,ok
house_of_graphs_0073,.,kolman,19,52,6,19,0.38,ok
house_of_graphs_0073,.,okamoto_exact,19,52,6,13,2778.32,ok
house_of_graphs_0093,.,kolman,19,53,6,17,0.21,ok
house_of_graphs_0093,.,okamoto_exact,19,53,6,13,4741.65,ok
house_of_graphs_0113,.,kolman,19,61,7,24,0.19,ok
house_of_graphs_0113,.,okamoto_exact,19,61,7,15,4041.42,ok
house_of_graphs_0133,.,kolman,19,55,6,21,0.6,ok
house_of_graphs_0133,.,okamoto_exact,19,55,6,14,4113.75,ok
house_of_graphs_0153,.,kolman,19,37,6,11,0.38,ok
house_of_graphs_0153,.,okamoto_exact,19,37,6,7,5206.26,ok
house_of_graphs_0173,.,kolman,19,37,4,11,0.2,ok
house_of_graphs_0173,.,okamoto_exact,19,37,4,10,2164.37,ok
house_of_graphs_0193,.,kolman,17,32,5,7,0.04,ok
house_of_graphs_0193,.,okamoto_exact,17,32,5,7,322.06,ok
house_of_graphs_0213,.,kolman,16,25,5,7,0.02,ok
house_of_graphs_0213,.,okamoto_exact,16,25,5,5,82.64,ok
house_of_graphs_0233,.,kolman,19,33,6,11,0.64,ok
house_of_graphs_0233,.,okamoto_exact,19,33,6,6,4299.6,ok
house_of_graphs_0253,.,kolman,19,33,5,9,0.11,ok
house_of_graphs_0253,.,okamoto_exact,19,33,5,7,2499.61,ok
house_of_graphs_0273,.,kolman,19,32,6,7,0.11,ok
house_of_graphs_0273,.,okamoto_exact,19,32,6,6,2303.52,ok
house_of_graphs_0293,.,kolman,19,33,5,8,0.28,ok
house_of_graphs_0293,.,okamoto_exact,19,33,5,7,5326.76,ok
house_of_graphs_0313,.,kolman,18,27,3,6,0.07,ok
house_of_graphs_0313,.,okamoto_exact,18,27,3,5,843.17,ok
house_of_graphs_0333,.,kolman,18,27,3,5,0.11,ok
house_of_graphs_0333,.,okamoto_exact,18,27,3,5,846.38,ok
house_of_graphs_0353,.,kolman,16,23,4,5,0.05,ok
house_of_graphs_0353,.,okamoto_exact,16,23,4,5,94.44,ok
house_of_graphs_0373,.,kolman,15,30,5,6,0.06,ok
house_of_graphs_0373,.,okamoto_exact,15,30,5,6,32.85,ok
house_of_graphs_0393,.,kolman,16,56,7,18,0.02,ok
house_of_graphs_0393,.,okamoto_exact,16,56,7,12,82.54,ok
house_of_graphs_0413,.,kolman,19,38,4,6,0.13,ok
house_of_graphs_0413,.,okamoto_exact,19,38,4,4,2473.98,ok
house_of_graphs_0433,.,kolman,14,21,3,5,0.01,ok
house_of_graphs_0433,.,okamoto_exact,14,21,3,4,7.61,ok
house_of_graphs_0453,.,kolman,16,24,3,5,0.02,ok
house_of_graphs_0453,.,okamoto_exact,16,24,3,4,81.71,ok
house_of_graphs_0473,.,kolman,14,34,10,12,0.01,ok
house_of_graphs_0473,.,okamoto_exact,14,34,10,10,5.75,ok
house_of_graphs_0493,.,kolman,19,45,12,12,0.12,ok
house_of_graphs_0493,.,okamoto_exact,19,45,12,7,2875.79,ok
house_of_graphs_0513,.,kolman,19,47,11,12,0.18,ok
house_of_graphs_0513,.,okamoto_exact,19,47,11,8,2830.49,ok
house_of_graphs_0533,.,kolman,19,45,10,10,0.19,ok
house_of_graphs_0533,.,okamoto_exact,19,45,10,6,4490.03,ok
house_of_graphs_0553,.,kolman,19,44,9,9,0.12,ok
house_of_graphs_0553,.,okamoto_exact,19,44,9,6,3033.68,ok
house_of_graphs_0573,.,kolman,19,44,8,8,0.18,ok
house_of_graphs_0573,.,okamoto_exact,19,44,8,7,5591.99,ok
house_of_graphs_0593,.,kolman,19,46,10,10,0.16,ok
house_of_graphs_0593,.,okamoto_exact,19,46,10,7,2579.57,ok
house_of_graphs_0613,.,kolman,19,43,8,10,0.16,ok
house_of_graphs_0613,.,okamoto_exact,19,43,8,7,2768.67,ok
house_of_graphs_0633,.,kolman,19,45,10,10,0.21,ok
house_of_graphs_0633,.,okamoto_exact,19,45,10,7,2744.62,ok
house_of_graphs_0653,.,kolman,19,43,8,9,0.28,ok
house_of_graphs_0653,.,okamoto_exact,19,43,8,6,5596.96,ok
house_of_graphs_0673,.,kolman,19,47,10,11,0.39,ok
house_of_graphs_0673,.,okamoto_exact,19,47,10,8,6654.5,ok
house_of_graphs_0693,.,kolman,19,47,12,14,0.22,ok
house_of_graphs_0693,.,okamoto_exact,19,47,12,8,3363.95,ok
house_of_graphs_0713,.,kolman,19,46,10,11,0.27,ok
house_of_graphs_0713,.,okamoto_exact,19,46,10,9,5501.03,ok
house_of_graphs_0733,.,kolman,19,45,9,10,0.18,ok
house_of_graphs_0733,.,okamoto_exact,19,45,9,7,2851.78,ok
house_of_graphs_0753,.,kolman,19,46,10,12,0.11,ok
house_of_graphs_0753,.,okamoto_exact,19,46,10,8,2894.44,ok
house_of_graphs_0773,.,kolman,19,43,9,10,0.29,ok
house_of_graphs_0773,.,okamoto_exact,19,43,9,6,5428.2,ok
house_of_graphs_0793,.,kolman,19,46,9,10,0.21,ok
house_of_graphs_0793,.,okamoto_exact,19,46,9,7,2793.96,ok
house_of_graphs_0813,.,kolman,19,44,8,11,0.35,ok
house_of_graphs_0813,.,okamoto_exact,19,44,8,7,5510.06,ok
house_of_graphs_0833,.,kolman,19,46,10,11,0.17,ok
house_of_graphs_0833,.,okamoto_exact,19,46,10,8,2537.48,ok
house_of_graphs_0853,.,kolman,19,46,10,10,0.41,ok
house_of_graphs_0853,.,okamoto_exact,19,46,10,8,2861.3,ok
house_of_graphs_0873,.,kolman,19,44,8,8,0.37,ok
house_of_graphs_0873,.,okamoto_exact,19,44,8,6,4415.94,ok
house_of_graphs_0893,.,kolman,17,24,4,6,0.03,ok
house_of_graphs_0893,.,okamoto_exact,17,24,4,5,323.9,ok
house_of_graphs_0913,.,kolman,18,26,5,6,0.09,ok
house_of_graphs_0913,.,okamoto_exact,18,26,5,5,1062.55,ok
house_of_graphs_0933,.,kolman,18,27,4,6,0.11,ok
house_of_graphs_0933,.,okamoto_exact,18,27,4,6,1057.44,ok
house_of_graphs_0953,.,kolman,18,25,4,6,0.11,ok
house_of_graphs_0953,.,okamoto_exact,18,25,4,5,1064.63,ok
house_of_graphs_0973,.,kolman,18,26,4,6,0.07,ok
house_of_graphs_0973,.,okamoto_exact,18,26,4,5,1059.18,ok
house_of_graphs_0993,.,kolman,18,27,4,7,0.11,ok
house_of_graphs_0993,.,okamoto_exact,18,27,4,6,1083.75,ok
house_of_graphs_1013,.,kolman,18,26,4,7,0.07,ok
house_of_graphs_1013,.,okamoto_exact,18,26,4,5,1072.48,ok
house_of_graphs_1033,.,kolman,18,26,4,9,0.15,ok
house_of_graphs_1033,.,okamoto_exact,18,26,4,6,1044.28,ok
house_of_graphs_1053,.,kolman,18,27,5,8,0.11,ok
house_of_graphs_1053,.,okamoto_exact,18,27,5,6,1044.23,ok
house_of_graphs_1073,.,kolman,18,25,4,6,0.11,ok
house_of_graphs_1073,.,okamoto_exact,18,25,4,5,1053.02,ok
house_of_graphs_1093,.,kolman,18,24,4,6,0.07,ok
house_of_graphs_1093,.,okamoto_exact,18,24,4,4,902.0,ok
house_of_graphs_1113,.,kolman,18,25,4,6,0.11,ok
house_of_graphs_1113,.,okamoto_exact,18,25,4,5,1031.48,ok
house_of_graphs_1133,.,kolman,18,26,4,6,0.07,ok
house_of_graphs_1133,.,okamoto_exact,18,26,4,5,1072.82,ok
house_of_graphs_1153,.,kolman,18,26,4,7,0.11,ok
house_of_graphs_1153,.,okamoto_exact,18,26,4,6,1070.39,ok
house_of_graphs_1173,.,kolman,18,25,4,8,0.11,ok
house_of_graphs_1173,.,okamoto_exact,18,25,4,5,1082.17,ok
house_of_graphs_1193,.,kolman,18,25,4,6,0.11,ok
house_of_graphs_1193,.,okamoto_exact,18,25,4,5,1080.8,ok
house_of_graphs_1213,.,kolman,18,25,4,6,0.11,ok
house_of_graphs_1213,.,okamoto_exact,18,25,4,5,1025.72,ok
house_of_graphs_1233,.,kolman,18,24,3,5,0.07,ok
house_of_graphs_1233,.,okamoto_exact,18,24,3,4,894.89,ok
house_of_graphs_1253,.,kolman,18,25,4,8,0.11,ok
house_of_graphs_1253,.,okamoto_exact,18,25,4,5,1072.22,ok
house_of_graphs_1273,.,kolman,18,25,4,8,0.1,ok
house_of_graphs_1273,.,okamoto_exact,18,25,4,4,871.87,ok
house_of_graphs_1293,.,kolman,19,38,4,6,0.38,ok
house_of_graphs_1293,.,okamoto_exact,19,38,4,6,4537.74,ok
house_of_graphs_1313,.,kolman,18,45,5,9,0.07,ok
house_of_graphs_1313,.,okamoto_exact,18,45,5,5,1059.03,ok
house_of_graphs_1333,.,kolman,18,27,3,6,0.11,ok
house_of_graphs_1333,.,okamoto_exact,18,27,3,4,844.89,ok
house_of_graphs_1353,.,kolman,18,45,5,13,0.11,ok
house_of_graphs_1353,.,okamoto_exact,18,45,5,12,691.81,ok
house_of_graphs_1373,.,kolman,15,54,10,17,0.09,ok
house_of_graphs_1373,.,okamoto_exact,15,54,10,14,28.45,ok
house_of_graphs_1393,.,kolman,19,80,12,27,0.2,ok
house_of_graphs_1393,.,okamoto_exact,19,80,12,16,3118.87,ok
house_of_graphs_1413,.,kolman,16,32,4,10,0.02,ok
house_of_graphs_1413,.,okamoto_exact,16,32,4,8,79.23,ok
house_of_graphs_1433,.,kolman,18,36,4,8,0.08,ok
house_of_graphs_1433,.,okamoto_exact,18,36,4,8,858.91,ok
house_of_graphs_1453,.,kolman,15,75,10,36,0.01,ok
house_of_graphs_1453,.,okamoto_exact,15,75,10,18,16.71,ok
house_of_graphs_1473,.,kolman,18,81,9,40,0.07,ok
house_of_graphs_1473,.,okamoto_exact,18,81,9,16,652.19,ok
house_of_graphs_1493,.,kolman,17,51,6,22,0.04,ok
house_of_graphs_1493,.,okamoto_exact,17,51,6,12,236.95,ok
house_of_graphs_1513,.,kolman,15,70,10,29,0.01,ok
house_of_graphs_1513,.,okamoto_exact,15,70,10,16,26.12,ok
house_of_graphs_1533,.,kolman,18,36,4,10,0.08,ok
house_of_graphs_1533,.,okamoto_exact,18,36,4,8,855.01,ok
house_of_graphs_1553,.,kolman,16,15,3,1,0.0,ok
house_of_graphs_1553,.,okamoto_exact,16,15,3,1,0.0,ok
house_of_graphs_1573,.,kolman,16,32,4,8,0.02,ok
house_of_graphs_1573,.,okamoto_exact,16,32,4,8,73.09,ok
house_of_graphs_1593,.,kolman,18,36,4,12,0.09,ok
house_of_graphs_1593,.,okamoto_exact,18,36,4,10,636.07,ok
house_of_graphs_1613,.,kolman,16,64,12,27,0.22,ok
house_of_graphs_1613,.,okamoto_exact,16,64,12,13,95.96,ok
house_of_graphs_1633,.,kolman,16,25,5,7,0.03,ok
house_of_graphs_1633,.,okamoto_exact,16,25,5,5,81.5,ok
house_of_graphs_1653,.,kolman,19,30,6,8,0.31,ok
house_of_graphs_1653,.,okamoto_exact,19,30,6,5,5259.47,ok
house_of_graphs_1673,.,kolman,14,25,5,8,0.01,ok
house_of_graphs_1673,.,okamoto_exact,14,25,5,6,9.04,ok
house_of_graphs_1693,.,kolman,16,40,5,14,0.02,ok
house_of_graphs_1693,.,okamoto_exact,16,40,5,11,58.74,ok
house_of_graphs_1713,.,kolman,17,40,5,13,0.04,ok
house_of_graphs_1713,.,okamoto_exact,17,40,5,11,241.33,ok
house_of_graphs_1733,.,kolman,14,36,9,11,0.01,ok
house_of_graphs_1733,.,okamoto_exact,14,36,9,9,7.82,ok
house_of_graphs_1753,.,kolman,18,45,7,14,0.09,ok
house_of_graphs_1753,.,okamoto_exact,18,45,7,11,996.72,ok
house_of_graphs_1773,.,kolman,15,30,6,10,0.06,ok
house_of_graphs_1773,.,okamoto_exact,15,30,6,8,28.84,ok
house_of_graphs_1793,.,kolman,16,39,13,18,0.02,ok
house_of_graphs_1793,.,okamoto_exact,16,39,13,14,88.02,ok
house_of_graphs_1813,.,kolman,18,65,13,35,0.07,ok
house_of_graphs_1813,.,okamoto_exact,18,65,13,16,758.47,ok
house_of_graphs_1833,.,kolman,15,21,3,7,0.08,ok
house_of_graphs_1833,.,okamoto_exact,15,21,3,5,30.3,ok
house_of_graphs_1853,.,kolman,14,24,5,8,0.01,ok
house_of_graphs_1853,.,okamoto_exact,14,24,5,6,9.16,ok
house_of_graphs_1873,.,kolman,15,26,6,9,0.01,ok
house_of_graphs_1873,.,okamoto_exact,15,26,6,5,25.23,ok
house_of_graphs_1893,.,kolman,14,27,8,11,0.01,ok
house_of_graphs_1893,.,okamoto_exact,14,27,8,8,8.99,ok
house_of_graphs_1913,.,kolman,18,17,2,1,0.0,ok
house_of_graphs_1913,.,okamoto_exact,18,17,2,1,900.59,ok
house_of_graphs_1933,.,kolman,16,24,3,6,0.06,ok
house_of_graphs_1933,.,okamoto_exact,16,24,3,5,79.26,ok
house_of_graphs_1953,.,kolman,15,16,4,,,invalid_graph
house_of_graphs_1953,.,okamoto_exact,15,16,4,,,invalid_graph
house_of_graphs_1973,.,kolman,17,95,16,51,0.04,ok
house_of_graphs_1973,.,okamoto_exact,17,95,16,16,344.05,ok
house_of_graphs_0015,.,kolman,14,13,7,1,0.0,ok
house_of_graphs_0015,.,okamoto_exact,14,13,7,1,6.47,ok
house_of_graphs_0035,.,kolman,16,40,5,17,0.02,ok
house_of_graphs_0035,.,okamoto_exact,16,40,5,11,58.52,ok
house_of_graphs_0055,.,kolman,14,24,4,8,0.02,ok
house_of_graphs_0055,.,okamoto_exact,14,24,4,6,8.88,ok
house_of_graphs_0075,.,kolman,19,53,6,18,0.11,ok
house_of_graphs_0075,.,okamoto_exact,19,53,6,13,2533.8,ok
house_of_graphs_0095,.,kolman,19,54,6,20,0.11,ok
house_of_graphs_0095,.,okamoto_exact,19,54,6,13,2096.88,ok
house_of_graphs_0115,.,kolman,19,59,8,24,0.13,ok
house_of_graphs_0115,.,okamoto_exact,19,59,8,12,3352.87,ok
house_of_graphs_0135,.,kolman,19,76,9,36,0.13,ok
house_of_graphs_0135,.,okamoto_exact,19,76,9,15,2351.71,ok
house_of_graphs_0155,.,kolman,19,37,5,12,0.13,ok
house_of_graphs_0155,.,okamoto_exact,19,37,5,8,2729.13,ok
house_of_graphs_0175,.,kolman,14,19,3,,,invalid_graph
house_of_graphs_0175,.,okamoto_exact,14,19,3,,,invalid_graph
house_of_graphs_0195,.,kolman,19,36,6,8,0.5,ok
house_of_graphs_0195,.,okamoto_exact,19,36,6,7,5457.91,ok
house_of_graphs_0215,.,kolman,18,29,5,7,0.07,ok
house_of_graphs_0215,.,okamoto_exact,18,29,5,5,815.18,ok
house_of_graphs_0235,.,kolman,19,32,6,8,0.2,ok
house_of_graphs_0235,.,okamoto_exact,19,32,6,6,2374.84,ok
house_of_graphs_0255,.,kolman,19,32,5,9,0.2,ok
house_of_graphs_0255,.,okamoto_exact,19,32,5,7,2977.08,ok
house_of_graphs_0275,.,kolman,19,34,6,8,0.12,ok
house_of_graphs_0275,.,okamoto_exact,19,34,6,7,2686.39,ok
house_of_graphs_0295,.,kolman,15,14,3,1,0.0,ok
house_of_graphs_0295,.,okamoto_exact,15,14,3,1,22.32,ok
house_of_graphs_0315,.,kolman,18,27,3,6,0.08,ok
house_of_graphs_0315,.,okamoto_exact,18,27,3,5,819.32,ok
house_of_graphs_0335,.,kolman,19,18,6,1,0.0,ok
house_of_graphs_0335,.,okamoto_exact,19,18,6,1,4697.42,ok
house_of_graphs_0355,.,kolman,15,15,3,2,0.02,ok
house_of_graphs_0355,.,okamoto_exact,15,15,3,2,0.0005,ok
house_of_graphs_0375,.,kolman,17,34,5,8,0.03,ok
house_of_graphs_0375,.,okamoto_exact,17,34,5,6,259.44,ok
house_of_graphs_0395,.,kolman,14,56,8,22,0.06,ok
house_of_graphs_0395,.,okamoto_exact,14,56,8,14,5.26,ok
house_of_graphs_0415,.,kolman,18,36,4,12,0.07,ok
house_of_graphs_0415,.,okamoto_exact,18,36,4,8,774.41,ok
house_of_graphs_0435,.,kolman,16,24,3,6,0.02,ok
house_of_graphs_0435,.,okamoto_exact,16,24,3,4,77.13,ok
house_of_graphs_0455,.,kolman,16,24,3,5,0.03,ok
house_of_graphs_0455,.,okamoto_exact,16,24,3,5,79.73,ok
house_of_graphs_0475,.,kolman,18,42,9,10,0.08,ok
house_of_graphs_0475,.,okamoto_exact,18,42,9,7,1014.92,ok
house_of_graphs_0495,.,kolman,19,44,10,10,0.27,ok
house_of_graphs_0495,.,okamoto_exact,19,44,10,7,5405.0,ok
house_of_graphs_0515,.,kolman,19,48,11,12,0.33,ok
house_of_graphs_0515,.,okamoto_exact,19,48,11,9,5581.27,ok
house_of_graphs_0535,.,kolman,19,45,10,9,0.29,ok
house_of_graphs_0535,.,okamoto_exact,19,45,10,6,5459.43,ok
house_of_graphs_0555,.,kolman,19,46,9,9,0.27,ok
house_of_graphs_0555,.,okamoto_exact,19,46,9,7,5624.67,ok
house_of_graphs_0575,.,kolman,19,44,9,9,0.11,ok
house_of_graphs_0575,.,okamoto_exact,19,44,9,7,2786.65,ok
house_of_graphs_0595,.,kolman,19,46,11,11,0.12,ok
house_of_graphs_0595,.,okamoto_exact,19,46,11,8,2854.52,ok
house_of_graphs_0615,.,kolman,19,45,10,10,0.28,ok
house_of_graphs_0615,.,okamoto_exact,19,45,10,8,5430.45,ok
house_of_graphs_0635,.,kolman,19,45,11,11,0.25,ok
house_of_graphs_0635,.,okamoto_exact,19,45,11,8,3096.25,ok
house_of_graphs_0655,.,kolman,19,45,9,10,0.16,ok
house_of_graphs_0655,.,okamoto_exact,19,45,9,8,2882.14,ok
house_of_graphs_0675,.,kolman,19,45,9,11,0.26,ok
house_of_graphs_0675,.,okamoto_exact,19,45,9,7,2684.93,ok
house_of_graphs_0695,.,kolman,19,43,9,11,0.17,ok
house_of_graphs_0695,.,okamoto_exact,19,43,9,6,2561.57,ok
house_of_graphs_0715,.,kolman,19,46,10,11,0.3,ok
house_of_graphs_0715,.,okamoto_exact,19,46,10,8,3366.45,ok
house_of_graphs_0735,.,kolman,19,45,11,11,0.27,ok
house_of_graphs_0735,.,okamoto_exact,19,45,11,8,5472.77,ok
house_of_graphs_0755,.,kolman,19,45,9,9,0.13,ok
house_of_graphs_0755,.,okamoto_exact,19,45,9,7,3056.29,ok
house_of_graphs_0775,.,kolman,19,45,10,11,0.12,ok
house_of_graphs_0775,.,okamoto_exact,19,45,10,7,2846.55,ok
house_of_graphs_0795,.,kolman,19,46,10,11,0.18,ok
house_of_graphs_0795,.,okamoto_exact,19,46,10,7,5558.51,ok
house_of_graphs_0815,.,kolman,19,45,8,10,0.28,ok
house_of_graphs_0815,.,okamoto_exact,19,45,8,7,5427.48,ok
house_of_graphs_0835,.,kolman,19,45,9,11,0.16,ok
house_of_graphs_0835,.,okamoto_exact,19,45,9,9,2779.63,ok
house_of_graphs_0855,.,kolman,19,46,10,10,0.27,ok
house_of_graphs_0855,.,okamoto_exact,19,46,10,8,2899.02,ok
house_of_graphs_0875,.,kolman,19,43,7,12,0.2,ok
house_of_graphs_0875,.,okamoto_exact,19,43,7,7,5402.24,ok
house_of_graphs_0895,.,kolman,17,24,4,6,0.03,ok
house_of_graphs_0895,.,okamoto_exact,17,24,4,5,319.3,ok
house_of_graphs_0915,.,kolman,18,26,5,6,0.07,ok
house_of_graphs_0915,.,okamoto_exact,18,26,5,5,1052.04,ok
house_of_graphs_0935,.,kolman,18,26,5,6,0.1,ok
house_of_graphs_0935,.,okamoto_exact,18,26,5,5,1062.87,ok
house_of_graphs_0955,.,kolman,18,25,4,5,0.07,ok
house_of_graphs_0955,.,okamoto_exact,18,25,4,5,1019.98,ok
house_of_graphs_0975,.,kolman,18,26,4,6,0.11,ok
house_of_graphs_0975,.,okamoto_exact,18,26,4,5,1013.52,ok
house_of_graphs_0995,.,kolman,18,27,4,7,0.07,ok
house_of_graphs_0995,.,okamoto_exact,18,27,4,6,1018.48,ok
house_of_graphs_1015,.,kolman,18,26,4,8,0.11,ok
house_of_graphs_1015,.,okamoto_exact,18,26,4,6,1045.97,ok
house_of_graphs_1035,.,kolman,18,27,4,8,0.07,ok
house_of_graphs_1035,.,okamoto_exact,18,27,4,6,1008.9,ok
house_of_graphs_1055,.,kolman,18,27,4,7,0.11,ok
house_of_graphs_1055,.,okamoto_exact,18,27,4,6,1049.15,ok
house_of_graphs_1075,.,kolman,18,25,4,5,0.07,ok
house_of_graphs_1075,.,okamoto_exact,18,25,4,5,1069.16,ok
house_of_graphs_1095,.,kolman,18,26,4,6,0.11,ok
house_of_graphs_1095,.,okamoto_exact,18,26,4,5,1076.71,ok
house_of_graphs_1115,.,kolman,18,24,4,5,0.08,ok
house_of_graphs_1115,.,okamoto_exact,18,24,4,4,895.69,ok
house_of_graphs_1135,.,kolman,18,25,4,6,0.11,ok
house_of_graphs_1135,.,okamoto_exact,18,25,4,5,1002.43,ok
house_of_graphs_1155,.,kolman,18,25,3,7,0.11,ok
house_of_graphs_1155,.,okamoto_exact,18,25,3,4,859.56,ok
house_of_graphs_1175,.,kolman,18,26,5,7,0.11,ok
house_of_graphs_1175,.,okamoto_exact,18,26,5,5,1054.01,ok
house_of_graphs_1195,.,kolman,18,26,5,5,0.1,ok
house_of_graphs_1195,.,okamoto_exact,18,26,5,5,1080.08,ok
house_of_graphs_1215,.,kolman,18,25,4,7,0.1,ok
house_of_graphs_1215,.,okamoto_exact,18,25,4,5,1097.69,ok
house_of_graphs_1235,.,kolman,18,26,4,7,0.11,ok
house_of_graphs_1235,.,okamoto_exact,18,26,4,6,1071.84,ok
house_of_graphs_1255,.,kolman,18,24,4,6,0.11,ok
house_of_graphs_1255,.,okamoto_exact,18,24,4,5,1059.26,ok
house_of_graphs_1275,.,kolman,18,26,4,6,0.11,ok
house_of_graphs_1275,.,okamoto_exact,18,26,4,5,1045.44,ok
house_of_graphs_1295,.,kolman,19,38,4,6,0.18,ok
house_of_graphs_1295,.,okamoto_exact,19,38,4,4,4766.96,ok
house_of_graphs_1315,.,kolman,16,48,6,12,0.02,ok
house_of_graphs_1315,.,okamoto_exact,16,48,6,10,85.08,ok
house_of_graphs_1335,.,kolman,18,27,3,5,0.07,ok
house_of_graphs_1335,.,okamoto_exact,18,27,3,4,854.55,ok
house_of_graphs_1355,.,kolman,16,46,8,12,0.02,ok
house_of_graphs_1355,.,okamoto_exact,16,46,8,8,99.78,ok
house_of_graphs_1375,.,kolman,16,57,12,20,0.03,ok
house_of_graphs_1375,.,okamoto_exact,16,57,12,14,78.9,ok
house_of_graphs_1395,.,kolman,19,72,11,22,0.17,ok
house_of_graphs_1395,.,okamoto_exact,19,72,11,14,3090.27,ok
house_of_graphs_1415,.,kolman,18,27,3,9,0.07,ok
house_of_graphs_1415,.,okamoto_exact,18,27,3,6,1004.65,ok
house_of_graphs_1435,.,kolman,16,24,3,7,0.07,ok
house_of_graphs_1435,.,okamoto_exact,16,24,3,5,81.19,ok
house_of_graphs_1455,.,kolman,15,105,14,54,0.02,ok
house_of_graphs_1455,.,okamoto_exact,15,105,14,14,10.84,ok
house_of_graphs_1475,.,kolman,18,90,10,42,0.08,ok
house_of_graphs_1475,.,okamoto_exact,18,90,10,18,560.74,ok
house_of_graphs_1495,.,kolman,17,35,5,12,0.16,ok
house_of_graphs_1495,.,okamoto_exact,17,35,5,8,327.43,ok
house_of_graphs_1515,.,kolman,18,84,10,37,0.07,ok
house_of_graphs_1515,.,okamoto_exact,18,84,10,17,851.81,ok
house_of_graphs_1535,.,kolman,16,56,8,22,0.12,ok
house_of_graphs_1535,.,okamoto_exact,16,56,8,14,85.23,ok
house_of_graphs_1555,.,kolman,16,18,3,2,0.03,ok
house_of_graphs_1555,.,okamoto_exact,16,18,3,2,92.66,ok
house_of_graphs_1575,.,kolman,16,32,4,8,0.03,ok
house_of_graphs_1575,.,okamoto_exact,16,32,4,8,77.4,ok
house_of_graphs_1595,.,kolman,18,36,4,14,0.08,ok
house_of_graphs_1595,.,okamoto_exact,18,36,4,10,643.49,ok
house_of_graphs_1615,.,kolman,16,48,6,18,0.1,ok
house_of_graphs_1615,.,okamoto_exact,16,48,6,14,65.39,ok
house_of_graphs_1635,.,kolman,16,25,5,8,0.04,ok
house_of_graphs_1635,.,okamoto_exact,16,25,5,5,80.0,ok
house_of_graphs_1655,.,kolman,19,30,6,7,0.18,ok
house_of_graphs_1655,.,okamoto_exact,19,30,6,5,2692.54,ok
house_of_graphs_1675,.,kolman,16,44,6,14,0.02,ok
house_of_graphs_1675,.,okamoto_exact,16,44,6,11,97.04,ok
house_of_graphs_1695,.,kolman,16,40,5,14,0.02,ok
house_of_graphs_1695,.,okamoto_exact,16,40,5,11,59.91,ok
house_of_graphs_1715,.,kolman,15,29,4,8,0.03,ok
house_of_graphs_1715,.,okamoto_exact,15,29,4,8,18.08,ok
house_of_graphs_1735,.,kolman,18,36,4,8,0.08,ok
house_of_graphs_1735,.,okamoto_exact,18,36,4,6,860.51,ok
house_of_graphs_1755,.,kolman,14,15,3,3,0.01,ok
house_of_graphs_1755,.,okamoto_exact,14,15,3,3,8.86,ok
house_of_graphs_1775,.,kolman,15,36,6,12,0.06,ok
house_of_graphs_1775,.,okamoto_exact,15,36,6,10,23.28,ok
house_of_graphs_1795,.,kolman,16,15,15,1,0.0,ok
house_of_graphs_1795,.,okamoto_exact,16,15,15,1,73.14,ok
house_of_graphs_1815,.,kolman,18,45,15,25,0.07,ok
house_of_graphs_1815,.,okamoto_exact,18,45,15,16,867.88,ok
house_of_graphs_1835,.,kolman,15,22,4,7,0.06,ok
house_of_graphs_1835,.,okamoto_exact,15,22,4,5,30.87,ok
house_of_graphs_1855,.,kolman,14,35,5,12,0.01,ok
house_of_graphs_1855,.,okamoto_exact,14,35,5,9,6.85,ok
house_of_graphs_1875,.,kolman,15,26,5,7,0.01,ok
house_of_graphs_1875,.,okamoto_exact,15,26,5,6,31.07,ok
house_of_graphs_1895,.,kolman,16,17,3,3,0.02,ok
house_of_graphs_1895,.,okamoto_exact,16,17,3,3,89.21,ok
house_of_graphs_1915,.,kolman,14,0,0,,,invalid_graph
house_of_graphs_1915,.,okamoto_exact,14,0,0,,,invalid_graph
house_of_graphs_1935,.,kolman,17,34,4,8,0.04,ok
house_of_graphs_1935,.,okamoto_exact,17,34,4,6,255.33,ok
house_of_graphs_1955,.,kolman,17,52,9,21,0.05,ok
house_of_graphs_1955,.,okamoto_exact,17,52,9,11,329.27,ok
house_of_graphs_1975,.,kolman,19,119,18,60,0.4,ok
house_of_graphs_1975,.,okamoto_exact,19,119,18,18,2637.68,ok
house_of_graphs_0016,.,kolman,15,14,3,1,0.0,ok
house_of_graphs_0016,.,okamoto_exact,15,14,3,1,22.59,ok
house_of_graphs_0036,.,kolman,15,30,5,10,0.02,ok
house_of_graphs_0036,.,okamoto_exact,15,30,5,8,22.05,ok
house_of_graphs_0056,.,kolman,19,38,4,12,0.19,ok
house_of_graphs_0056,.,okamoto_exact,19,38,4,10,3549.49,ok
house_of_graphs_0076,.,kolman,19,54,6,18,0.11,ok
house_of_graphs_0076,.,okamoto_exact,19,54,6,13,2632.92,ok
house_of_graphs_0096,.,kolman,19,55,6,22,0.4,ok
house_of_graphs_0096,.,okamoto_exact,19,55,6,14,5177.72,ok
house_of_graphs_0116,.,kolman,19,64,7,23,0.18,ok
house_of_graphs_0116,.,okamoto_exact,19,64,7,16,5121.8,ok
house_of_graphs_0136,.,kolman,19,58,7,22,0.1,ok
house_of_graphs_0136,.,okamoto_exact,19,58,7,14,2593.45,ok
house_of_graphs_0156,.,kolman,19,37,5,11,0.19,ok
house_of_graphs_0156,.,okamoto_exact,19,37,5,8,5229.7,ok
house_of_graphs_0176,.,kolman,15,24,4,6,0.01,ok
house_of_graphs_0176,.,okamoto_exact,15,24,4,6,24.39,ok
house_of_graphs_0196,.,kolman,19,36,6,10,0.59,ok
house_of_graphs_0196,.,okamoto_exact,19,36,6,7,5433.47,ok
house_of_graphs_0216,.,kolman,18,30,5,8,0.07,ok
house_of_graphs_0216,.,okamoto_exact,18,30,5,6,812.42,ok
house_of_graphs_0236,.,kolman,19,33,6,8,0.13,ok
house_of_graphs_0236,.,okamoto_exact,19,33,6,6,2332.73,ok
house_of_graphs_0256,.,kolman,19,32,5,8,0.32,ok
house_of_graphs_0256,.,okamoto_exact,19,32,5,6,4417.57,ok
house_of_graphs_0276,.,kolman,19,33,6,8,0.11,ok
house_of_graphs_0276,.,okamoto_exact,19,33,6,6,2053.87,ok
house_of_graphs_0296,.,kolman,14,16,4,3,0.01,ok
house_of_graphs_0296,.,okamoto_exact,14,16,4,3,8.62,ok
house_of_graphs_0316,.,kolman,18,27,3,7,0.07,ok
house_of_graphs_0316,.,okamoto_exact,18,27,3,5,800.22,ok
house_of_graphs_0336,.,kolman,14,21,3,6,0.04,ok
house_of_graphs_0336,.,okamoto_exact,14,21,3,5,7.18,ok
house_of_graphs_0356,.,kolman,14,21,3,7,0.01,ok
house_of_graphs_0356,.,okamoto_exact,14,21,3,5,7.28,ok
house_of_graphs_0376,.,kolman,15,26,4,8,0.01,ok
house_of_graphs_0376,.,okamoto_exact,15,26,4,7,28.49,ok
house_of_graphs_0396,.,kolman,15,60,8,20,0.01,ok
house_of_graphs_0396,.,okamoto_exact,15,60,8,14,17.95,ok
house_of_graphs_0416,.,kolman,14,13,4,1,0.0,ok
house_of_graphs_0416,.,okamoto_exact,14,13,4,1,0.0,ok
house_of_graphs_0436,.,kolman,16,24,3,5,0.02,ok
house_of_graphs_0436,.,okamoto_exact,16,24,3,4,81.7,ok
house_of_graphs_0456,.,kolman,16,24,3,5,0.03,ok
house_of_graphs_0456,.,okamoto_exact,16,24,3,4,82.36,ok
house_of_graphs_0476,.,kolman,18,43,10,10,0.07,ok
house_of_graphs_0476,.,okamoto_exact,18,43,10,8,1084.73,ok
house_of_graphs_0496,.,kolman,19,45,11,11,0.11,ok
house_of_graphs_0496,.,okamoto_exact,19,45,11,8,2986.02,ok
house_of_graphs_0516,.,kolman,19,45,10,11,0.17,ok
house_of_graphs_0516,.,okamoto_exact,19,45,10,7,2728.26,ok
house_of_graphs_0536,.,kolman,19,46,11,10,0.11,ok
house_of_graphs_0536,.,okamoto_exact,19,46,11,6,2935.77,ok
house_of_graphs_0556,.,kolman,19,43,8,8,0.16,ok
house_of_graphs_0556,.,okamoto_exact,19,43,8,7,2640.37,ok
house_of_graphs_0576,.,kolman,19,44,8,8,0.12,ok
house_of_graphs_0576,.,okamoto_exact,19,44,8,7,2914.86,ok
house_of_graphs_0596,.,kolman,19,46,10,9,0.11,ok
house_of_graphs_0596,.,okamoto_exact,19,46,10,7,2688.39,ok
house_of_graphs_0616,.,kolman,19,45,9,10,0.3,ok
house_of_graphs_0616,.,okamoto_exact,19,45,9,8,5550.3,ok
house_of_graphs_0636,.,kolman,19,44,9,13,0.28,ok
house_of_graphs_0636,.,okamoto_exact,19,44,9,7,5412.29,ok
house_of_graphs_0656,.,kolman,19,45,10,10,0.38,ok
house_of_graphs_0656,.,okamoto_exact,19,45,10,7,5351.27,ok
house_of_graphs_0676,.,kolman,19,46,10,12,0.25,ok
house_of_graphs_0676,.,okamoto_exact,19,46,10,8,2859.9,ok
house_of_graphs_0696,.,kolman,19,44,9,11,0.19,ok
house_of_graphs_0696,.,okamoto_exact,19,44,9,7,5383.08,ok
house_of_graphs_0716,.,kolman,19,45,9,11,0.19,ok
house_of_graphs_0716,.,okamoto_exact,19,45,9,7,2907.88,ok
house_of_graphs_0736,.,kolman,19,46,12,14,0.27,ok
house_of_graphs_0736,.,okamoto_exact,19,46,12,8,4419.98,ok
house_of_graphs_0756,.,kolman,19,43,9,9,0.31,ok
house_of_graphs_0756,.,okamoto_exact,19,43,9,6,5111.9,ok
house_of_graphs_0776,.,kolman,19,43,8,10,0.17,ok
house_of_graphs_0776,.,okamoto_exact,19,43,8,6,2405.71,ok
house_of_graphs_0796,.,kolman,19,47,11,12,0.12,ok
house_of_graphs_0796,.,okamoto_exact,19,47,11,8,2833.18,ok
house_of_graphs_0816,.,kolman,19,44,8,10,0.22,ok
house_of_graphs_0816,.,okamoto_exact,19,44,8,7,2778.62,ok
house_of_graphs_0836,.,kolman,19,46,10,12,0.19,ok
house_of_graphs_0836,.,okamoto_exact,19,46,10,9,5425.69,ok
house_of_graphs_0856,.,kolman,19,47,11,11,0.27,ok
house_of_graphs_0856,.,okamoto_exact,19,47,11,9,5439.03,ok
house_of_graphs_0876,.,kolman,19,44,8,12,0.25,ok
house_of_graphs_0876,.,okamoto_exact,19,44,8,8,4917.08,ok
house_of_graphs_0896,.,kolman,17,25,4,7,0.04,ok
house_of_graphs_0896,.,okamoto_exact,17,25,4,6,330.94,ok
house_of_graphs_0916,.,kolman,18,27,5,7,0.09,ok
house_of_graphs_0916,.,okamoto_exact,18,27,5,6,981.39,ok
house_of_graphs_0936,.,kolman,18,27,5,7,0.07,ok
house_of_graphs_0936,.,okamoto_exact,18,27,5,5,1037.62,ok
house_of_graphs_0956,.,kolman,18,25,4,6,0.11,ok
house_of_graphs_0956,.,okamoto_exact,18,25,4,5,1039.25,ok
house_of_graphs_0976,.,kolman,18,26,4,6,0.07,ok
house_of_graphs_0976,.,okamoto_exact,18,26,4,5,1059.0,ok
house_of_graphs_0996,.,kolman,18,28,5,6,0.11,ok
house_of_graphs_0996,.,okamoto_exact,18,28,5,6,1025.95,ok
house_of_graphs_1016,.,kolman,18,25,4,7,0.07,ok
house_of_graphs_1016,.,okamoto_exact,18,25,4,4,893.1,ok
house_of_graphs_1036,.,kolman,18,26,4,8,0.11,ok
house_of_graphs_1036,.,okamoto_exact,18,26,4,5,1057.02,ok
house_of_graphs_1056,.,kolman,18,24,4,5,0.22,ok
house_of_graphs_1056,.,okamoto_exact,18,24,4,4,863.82,ok
house_of_graphs_1076,.,kolman,18,25,4,6,0.11,ok
house_of_graphs_1076,.,okamoto_exact,18,25,4,5,1074.82,ok
house_of_graphs_1096,.,kolman,18,25,4,6,0.11,ok
house_of_graphs_1096,.,okamoto_exact,18,25,4,5,1038.16,ok
house_of_graphs_1116,.,kolman,18,25,4,6,0.07,ok
house_of_graphs_1116,.,okamoto_exact,18,25,4,5,1028.83,ok
house_of_graphs_1136,.,kolman,18,25,4,6,0.1,ok
house_of_graphs_1136,.,okamoto_exact,18,25,4,5,1040.78,ok
house_of_graphs_1156,.,kolman,18,27,4,8,0.07,ok
house_of_graphs_1156,.,okamoto_exact,18,27,4,6,1070.48,ok
house_of_graphs_1176,.,kolman,18,25,4,7,0.1,ok
house_of_graphs_1176,.,okamoto_exact,18,25,4,5,1078.65,ok
house_of_graphs_1196,.,kolman,18,26,4,8,0.07,ok
house_of_graphs_1196,.,okamoto_exact,18,26,4,5,1042.51,ok
house_of_graphs_1216,.,kolman,18,26,5,7,0.1,ok
house_of_graphs_1216,.,okamoto_exact,18,26,5,5,1066.52,ok
house_of_graphs_1236,.,kolman,18,26,4,8,0.07,ok
house_of_graphs_1236,.,okamoto_exact,18,26,4,6,1029.39,ok
house_of_graphs_1256,.,kolman,18,25,5,5,0.11,ok
house_of_graphs_1256,.,okamoto_exact,18,25,5,5,1074.42,ok
house_of_graphs_1276,.,kolman,18,25,4,5,0.1,ok
house_of_graphs_1276,.,okamoto_exact,18,25,4,5,1058.48,ok
house_of_graphs_1296,.,kolman,19,38,4,6,0.11,ok
house_of_graphs_1296,.,okamoto_exact,19,38,4,4,2314.61,ok
house_of_graphs_1316,.,kolman,16,48,6,12,0.02,ok
house_of_graphs_1316,.,okamoto_exact,16,48,6,10,87.8,ok
house_of_graphs_1336,.,kolman,16,24,3,6,0.03,ok
house_of_graphs_1336,.,okamoto_exact,16,24,3,3,83.12,ok
house_of_graphs_1356,.,kolman,16,51,10,18,0.02,ok
house_of_graphs_1356,.,okamoto_exact,16,51,10,10,97.56,ok
house_of_graphs_1376,.,kolman,19,64,11,14,0.18,ok
house_of_graphs_1376,.,okamoto_exact,19,64,11,9,5637.51,ok
house_of_graphs_1396,.,kolman,19,75,11,22,0.26,ok
house_of_graphs_1396,.,okamoto_exact,19,75,11,15,6000.99,ok
house_of_graphs_1416,.,kolman,16,24,3,6,0.02,ok
house_of_graphs_1416,.,okamoto_exact,16,24,3,5,76.99,ok
house_of_graphs_1436,.,kolman,18,36,4,8,0.08,ok
house_of_graphs_1436,.,okamoto_exact,18,36,4,8,786.62,ok
house_of_graphs_1456,.,kolman,16,16,2,2,0.06,ok
house_of_graphs_1456,.,okamoto_exact,16,16,2,2,72.97,ok
house_of_graphs_1476,.,kolman,18,108,12,54,0.08,ok
house_of_graphs_1476,.,okamoto_exact,18,108,12,22,610.2,ok
house_of_graphs_1496,.,kolman,16,24,3,6,0.02,ok
house_of_graphs_1496,.,okamoto_exact,16,24,3,5,78.66,ok
house_of_graphs_1516,.,kolman,15,80,14,37,0.02,ok
house_of_graphs_1516,.,okamoto_exact,15,80,14,13,28.12,ok
house_of_graphs_1536,.,kolman,18,27,3,6,0.07,ok
house_of_graphs_1536,.,okamoto_exact,18,27,3,5,826.11,ok
house_of_graphs_1556,.,kolman,16,20,3,3,0.05,ok
house_of_graphs_1556,.,okamoto_exact,16,20,3,3,87.52,ok
house_of_graphs_1576,.,kolman,16,32,4,8,0.03,ok
house_of_graphs_1576,.,okamoto_exact,16,32,4,8,70.85,ok
house_of_graphs_1596,.,kolman,18,36,4,12,0.07,ok
house_of_graphs_1596,.,okamoto_exact,18,36,4,10,637.6,ok
house_of_graphs_1616,.,kolman,15,45,6,16,0.01,ok
house_of_graphs_1616,.,okamoto_exact,15,45,6,12,18.95,ok
house_of_graphs_1636,.,kolman,16,25,5,6,0.03,ok
house_of_graphs_1636,.,okamoto_exact,16,25,5,5,78.92,ok
house_of_graphs_1656,.,kolman,19,30,6,6,0.3,ok
house_of_graphs_1656,.,okamoto_exact,19,30,6,5,5318.06,ok
house_of_graphs_1676,.,kolman,15,24,8,4,0.01,ok
house_of_graphs_1676,.,okamoto_exact,15,24,8,4,21.21,ok
house_of_graphs_1696,.,kolman,17,51,6,18,0.04,ok
house_of_graphs_1696,.,okamoto_exact,17,51,6,14,197.24,ok
house_of_graphs_1716,.,kolman,15,27,4,6,0.05,ok
house_of_graphs_1716,.,okamoto_exact,15,27,4,4,20.86,ok
house_of_graphs_1736,.,kolman,16,48,6,16,0.02,ok
house_of_graphs_1736,.,okamoto_exact,16,48,6,12,72.66,ok
house_of_graphs_1756,.,kolman,14,14,3,2,0.02,ok
house_of_graphs_1756,.,okamoto_exact,14,14,3,2,8.5,ok
house_of_graphs_1776,.,kolman,15,24,8,8,0.01,ok
house_of_graphs_1776,.,okamoto_exact,15,24,8,8,16.92,ok
house_of_graphs_1796,.,kolman,17,72,9,35,0.05,ok
house_of_graphs_1796,.,okamoto_exact,17,72,9,15,206.36,ok
house_of_graphs_1816,.,kolman,18,32,16,16,0.11,ok
house_of_graphs_1816,.,okamoto_exact,18,32,16,16,585.66,ok
house_of_graphs_1836,.,kolman,19,31,4,8,0.35,ok
house_of_graphs_1836,.,okamoto_exact,19,31,4,7,5214.51,ok
house_of_graphs_1856,.,kolman,15,23,6,6,0.01,ok
house_of_graphs_1856,.,okamoto_exact,15,23,6,5,31.6,ok
house_of_graphs_1876,.,kolman,15,26,5,8,0.01,ok
house_of_graphs_1876,.,okamoto_exact,15,26,5,6,30.38,ok
house_of_graphs_1896,.,kolman,18,19,4,2,0.07,ok
house_of_graphs_1896,.,okamoto_exact,18,19,4,2,946.83,ok
house_of_graphs_1916,.,kolman,15,0,0,,,invalid_graph
house_of_graphs_1916,.,okamoto_exact,15,0,0,,,invalid_graph
house_of_graphs_1936,.,kolman,14,21,3,6,0.04,ok
house_of_graphs_1936,.,okamoto_exact,14,21,3,5,7.53,ok
house_of_graphs_1956,.,kolman,16,32,4,6,0.02,ok
house_of_graphs_1956,.,okamoto_exact,16,32,4,6,79.42,ok
house_of_graphs_1976,.,kolman,16,24,3,6,0.03,ok
house_of_graphs_1976,.,okamoto_exact,16,24,3,5,78.29,ok
house_of_graphs_0017,.,kolman,14,13,4,1,0.0,ok
house_of_graphs_0017,.,okamoto_exact,14,13,4,1,6.7,ok
house_of_graphs_0037,.,kolman,14,21,3,5,0.01,ok
house_of_graphs_0037,.,okamoto_exact,14,21,3,4,7.39,ok
house_of_graphs_0057,.,kolman,16,48,6,16,0.02,ok
house_of_graphs_0057,.,okamoto_exact,16,48,6,12,67.08,ok
house_of_graphs_0077,.,kolman,19,52,7,17,0.2,ok
house_of_graphs_0077,.,okamoto_exact,19,52,7,12,5661.43,ok
house_of_graphs_0097,.,kolman,19,54,6,20,0.13,ok
house_of_graphs_0097,.,okamoto_exact,19,54,6,13,3163.57,ok
house_of_graphs_0117,.,kolman,19,72,8,31,0.11,ok
house_of_graphs_0117,.,okamoto_exact,19,72,8,18,1642.63,ok
house_of_graphs_0137,.,kolman,19,72,9,32,0.13,ok
house_of_graphs_0137,.,okamoto_exact,19,72,9,14,2821.85,ok
house_of_graphs_0157,.,kolman,19,37,5,11,0.11,ok
house_of_graphs_0157,.,okamoto_exact,19,37,5,8,2767.75,ok
house_of_graphs_0177,.,kolman,15,24,4,8,0.01,ok
house_of_graphs_0177,.,okamoto_exact,15,24,4,6,23.89,ok
house_of_graphs_0197,.,kolman,19,36,6,8,0.29,ok
house_of_graphs_0197,.,okamoto_exact,19,36,6,7,5423.58,ok
house_of_graphs_0217,.,kolman,18,29,5,7,0.07,ok
house_of_graphs_0217,.,okamoto_exact,18,29,5,5,817.5,ok
house_of_graphs_0237,.,kolman,19,32,6,9,0.28,ok
house_of_graphs_0237,.,okamoto_exact,19,32,6,6,4285.15,ok
house_of_graphs_0257,.,kolman,19,31,4,11,0.13,ok
house_of_graphs_0257,.,okamoto_exact,19,31,4,7,2866.71,ok
house_of_graphs_0277,.,kolman,19,33,6,7,0.27,ok
house_of_graphs_0277,.,okamoto_exact,19,33,6,6,4265.54,ok
house_of_graphs_0297,.,kolman,14,16,4,3,0.01,ok
house_of_graphs_0297,.,okamoto_exact,14,16,4,3,8.1,ok
house_of_graphs_0317,.,kolman,18,27,3,6,0.07,ok
house_of_graphs_0317,.,okamoto_exact,18,27,3,5,848.29,ok
house_of_graphs_0337,.,kolman,16,15,4,1,0.0,ok
house_of_graphs_0337,.,okamoto_exact,16,15,4,1,87.51,ok
house_of_graphs_0357,.,kolman,14,28,6,10,0.01,ok
house_of_graphs_0357,.,okamoto_exact,14,28,6,9,5.57,ok
house_of_graphs_0377,.,kolman,16,16,4,2,0.03,ok
house_of_graphs_0377,.,okamoto_exact,16,16,4,2,0.0003,ok
house_of_graphs_0397,.,kolman,16,64,8,22,0.02,ok
house_of_graphs_0397,.,okamoto_exact,16,64,8,14,66.5,ok
house_of_graphs_0417,.,kolman,14,28,4,10,0.02,ok
house_of_graphs_0417,.,okamoto_exact,14,28,4,8,5.0,ok
house_of_graphs_0437,.,kolman,18,27,3,5,0.07,ok
house_of_graphs_0437,.,okamoto_exact,18,27,3,4,1017.55,ok
house_of_graphs_0457,.,kolman,16,24,3,5,0.02,ok
house_of_graphs_0457,.,okamoto_exact,16,24,3,4,83.74,ok
house_of_graphs_0477,.,kolman,18,43,9,10,0.08,ok
house_of_graphs_0477,.,okamoto_exact,18,43,9,8,1023.87,ok
house_of_graphs_0497,.,kolman,19,45,10,10,0.3,ok
house_of_graphs_0497,.,okamoto_exact,19,45,10,8,4579.67,ok
house_of_graphs_0517,.,kolman,19,46,11,12,0.33,ok
house_of_graphs_0517,.,okamoto_exact,19,46,11,8,5535.31,ok
house_of_graphs_0537,.,kolman,19,47,11,10,0.38,ok
house_of_graphs_0537,.,okamoto_exact,19,47,11,7,5598.21,ok
house_of_graphs_0557,.,kolman,19,44,9,9,0.29,ok
house_of_graphs_0557,.,okamoto_exact,19,44,9,8,5503.48,ok
house_of_graphs_0577,.,kolman,19,45,9,9,0.28,ok
house_of_graphs_0577,.,okamoto_exact,19,45,9,8,5402.91,ok
house_of_graphs_0597,.,kolman,19,47,11,10,0.14,ok
house_of_graphs_0597,.,okamoto_exact,19,47,11,8,3603.39,ok
house_of_graphs_0617,.,kolman,19,46,10,10,0.29,ok
house_of_graphs_0617,.,okamoto_exact,19,46,10,9,5428.08,ok
house_of_graphs_0637,.,kolman,19,45,10,13,0.17,ok
house_of_graphs_0637,.,okamoto_exact,19,45,10,8,2730.18,ok
house_of_graphs_0657,.,kolman,19,46,11,11,0.11,ok
house_of_graphs_0657,.,okamoto_exact,19,46,11,8,2573.94,ok
house_of_graphs_0677,.,kolman,19,46,9,11,0.19,ok
house_of_graphs_0677,.,okamoto_exact,19,46,9,8,2967.52,ok
house_of_graphs_0697,.,kolman,19,44,8,10,0.13,ok
house_of_graphs_0697,.,okamoto_exact,19,44,8,7,3167.07,ok
house_of_graphs_0717,.,kolman,19,46,10,12,0.19,ok
house_of_graphs_0717,.,okamoto_exact,19,46,10,8,5433.76,ok
house_of_graphs_0737,.,kolman,19,48,14,14,0.12,ok
house_of_graphs_0737,.,okamoto_exact,19,48,14,8,2841.95,ok
house_of_graphs_0757,.,kolman,19,47,10,11,0.18,ok
house_of_graphs_0757,.,okamoto_exact,19,47,10,9,5427.23,ok
house_of_graphs_0777,.,kolman,19,44,8,9,0.11,ok
house_of_graphs_0777,.,okamoto_exact,19,44,8,7,2790.71,ok
house_of_graphs_0797,.,kolman,19,46,9,11,0.19,ok
house_of_graphs_0797,.,okamoto_exact,19,46,9,7,2758.31,ok
house_of_graphs_0817,.,kolman,19,45,9,10,0.52,ok
house_of_graphs_0817,.,okamoto_exact,19,45,9,8,5491.29,ok
house_of_graphs_0837,.,kolman,19,47,10,11,0.29,ok
house_of_graphs_0837,.,okamoto_exact,19,47,10,9,5561.93,ok
house_of_graphs_0857,.,kolman,19,43,8,10,0.27,ok
house_of_graphs_0857,.,okamoto_exact,19,43,8,6,2725.9,ok
house_of_graphs_0877,.,kolman,19,45,8,9,0.93,ok
house_of_graphs_0877,.,okamoto_exact,19,45,8,7,5534.95,ok
house_of_graphs_0897,.,kolman,17,23,4,5,0.04,ok
house_of_graphs_0897,.,okamoto_exact,17,23,4,4,258.91,ok
house_of_graphs_0917,.,kolman,18,24,4,7,0.09,ok
house_of_graphs_0917,.,okamoto_exact,18,24,4,5,1019.42,ok
house_of_graphs_0937,.,kolman,18,26,4,6,0.11,ok
house_of_graphs_0937,.,okamoto_exact,18,26,4,5,1004.03,ok
house_of_graphs_0957,.,kolman,18,26,5,7,0.11,ok
house_of_graphs_0957,.,okamoto_exact,18,26,5,5,1042.07,ok
house_of_graphs_0977,.,kolman,18,25,4,6,0.11,ok
house_of_graphs_0977,.,okamoto_exact,18,25,4,5,1038.89,ok
house_of_graphs_0997,.,kolman,18,28,5,7,0.12,ok
house_of_graphs_0997,.,okamoto_exact,18,28,5,6,1016.82,ok
house_of_graphs_1017,.,kolman,18,26,4,8,0.12,ok
house_of_graphs_1017,.,okamoto_exact,18,26,4,5,1022.16,ok
house_of_graphs_1037,.,kolman,18,25,4,6,0.12,ok
house_of_graphs_1037,.,okamoto_exact,18,25,4,5,1045.46,ok
house_of_graphs_1057,.,kolman,18,24,4,5,0.11,ok
house_of_graphs_1057,.,okamoto_exact,18,24,4,5,1052.19,ok
house_of_graphs_1077,.,kolman,18,25,4,7,0.11,ok
house_of_graphs_1077,.,okamoto_exact,18,25,4,5,1043.52,ok
house_of_graphs_1097,.,kolman,18,26,4,7,0.11,ok
house_of_graphs_1097,.,okamoto_exact,18,26,4,6,1074.51,ok
house_of_graphs_1117,.,kolman,18,24,4,6,0.12,ok
house_of_graphs_1117,.,okamoto_exact,18,24,4,4,860.74,ok
house_of_graphs_1137,.,kolman,18,26,4,7,0.11,ok
house_of_graphs_1137,.,okamoto_exact,18,26,4,5,1035.36,ok
house_of_graphs_1157,.,kolman,18,25,4,5,0.07,ok
house_of_graphs_1157,.,okamoto_exact,18,25,4,5,1020.74,ok
house_of_graphs_1177,.,kolman,18,26,4,7,0.11,ok
house_of_graphs_1177,.,okamoto_exact,18,26,4,5,1028.53,ok
house_of_graphs_1197,.,kolman,18,26,4,8,0.07,ok
house_of_graphs_1197,.,okamoto_exact,18,26,4,5,1058.6,ok
house_of_graphs_1217,.,kolman,18,26,5,7,0.19,ok
house_of_graphs_1217,.,okamoto_exact,18,26,5,5,1041.54,ok
house_of_graphs_1237,.,kolman,18,25,4,5,0.07,ok
house_of_graphs_1237,.,okamoto_exact,18,25,4,5,1058.25,ok
house_of_graphs_1257,.,kolman,18,24,4,5,0.11,ok
house_of_graphs_1257,.,okamoto_exact,18,24,4,4,880.11,ok
house_of_graphs_1277,.,kolman,18,28,5,7,0.1,ok
house_of_graphs_1277,.,okamoto_exact,18,28,5,5,847.32,ok
house_of_graphs_1297,.,kolman,19,38,4,8,0.19,ok
house_of_graphs_1297,.,okamoto_exact,19,38,4,6,4620.32,ok
house_of_graphs_1317,.,kolman,16,48,6,12,0.02,ok
house_of_graphs_1317,.,okamoto_exact,16,48,6,8,85.07,ok
house_of_graphs_1337,.,kolman,16,24,3,5,0.03,ok
house_of_graphs_1337,.,okamoto_exact,16,24,3,4,82.36,ok
house_of_graphs_1357,.,kolman,16,50,11,12,0.07,ok
house_of_graphs_1357,.,okamoto_exact,16,50,11,10,93.73,ok
house_of_graphs_1377,.,kolman,19,64,10,15,0.18,ok
house_of_graphs_1377,.,okamoto_exact,19,64,10,9,5499.22,ok
house_of_graphs_1397,.,kolman,19,75,11,25,0.18,ok
house_of_graphs_1397,.,okamoto_exact,19,75,11,15,2500.37,ok
house_of_graphs_1417,.,kolman,14,28,4,10,0.01,ok
house_of_graphs_1417,.,okamoto_exact,14,28,4,8,6.57,ok
house_of_graphs_1437,.,kolman,18,29,4,9,0.07,ok
house_of_graphs_1437,.,okamoto_exact,18,29,4,7,978.8,ok
house_of_graphs_1457,.,kolman,16,48,6,18,0.06,ok
house_of_graphs_1457,.,okamoto_exact,16,48,6,14,57.64,ok
house_of_graphs_1477,.,kolman,18,135,15,68,0.08,ok
house_of_graphs_1477,.,okamoto_exact,18,135,15,28,581.39,ok
house_of_graphs_1497,.,kolman,16,24,3,7,0.16,ok
house_of_graphs_1497,.,okamoto_exact,16,24,3,5,83.07,ok
house_of_graphs_1517,.,kolman,16,88,11,38,0.02,ok
house_of_graphs_1517,.,okamoto_exact,16,88,11,20,59.56,ok
house_of_graphs_1537,.,kolman,18,27,3,7,0.08,ok
house_of_graphs_1537,.,okamoto_exact,18,27,3,6,998.98,ok
house_of_graphs_1557,.,kolman,18,17,3,1,0.01,ok
house_of_graphs_1557,.,okamoto_exact,18,17,3,1,0.0,ok
house_of_graphs_1577,.,kolman,16,32,4,8,0.02,ok
house_of_graphs_1577,.,okamoto_exact,16,32,4,8,75.56,ok
house_of_graphs_1597,.,kolman,18,36,4,12,0.08,ok
house_of_graphs_1597,.,okamoto_exact,18,36,4,10,631.79,ok
house_of_graphs_1617,.,kolman,19,28,3,7,0.2,ok
house_of_graphs_1617,.,okamoto_exact,19,28,3,5,5436.14,ok
house_of_graphs_1637,.,kolman,19,33,6,9,0.12,ok
house_of_graphs_1637,.,okamoto_exact,19,33,6,8,2681.1,ok
house_of_graphs_1657,.,kolman,19,30,6,6,0.18,ok
house_of_graphs_1657,.,okamoto_exact,19,30,6,5,2635.45,ok
house_of_graphs_1677,.,kolman,17,27,6,4,0.04,ok
house_of_graphs_1677,.,okamoto_exact,17,27,6,4,218.31,ok
house_of_graphs_1697,.,kolman,16,48,6,18,0.03,ok
house_of_graphs_1697,.,okamoto_exact,16,48,6,14,54.9,ok
house_of_graphs_1717,.,kolman,14,36,6,12,0.01,ok
house_of_graphs_1717,.,okamoto_exact,14,36,6,10,9.08,ok
house_of_graphs_1737,.,kolman,16,48,6,16,0.02,ok
house_of_graphs_1737,.,okamoto_exact,16,48,6,12,72.45,ok
house_of_graphs_1757,.,kolman,16,16,3,2,0.03,ok
house_of_graphs_1757,.,okamoto_exact,16,16,3,2,84.34,ok
house_of_graphs_1777,.,kolman,15,40,8,16,0.02,ok
house_of_graphs_1777,.,okamoto_exact,15,40,8,12,21.41,ok
house_of_graphs_1797,.,kolman,17,70,10,34,0.06,ok
house_of_graphs_1797,.,okamoto_exact,17,70,10,15,226.23,ok
house_of_graphs_1817,.,kolman,18,17,17,1,0.04,ok
house_of_graphs_1817,.,okamoto_exact,18,17,17,1,755.18,ok
house_of_graphs_1837,.,kolman,19,36,18,6,0.17,ok
house_of_graphs_1837,.,okamoto_exact,19,36,18,3,2236.23,ok
house_of_graphs_1857,.,kolman,18,45,5,12,0.07,ok
house_of_graphs_1857,.,okamoto_exact,18,45,5,9,971.04,ok
house_of_graphs_1877,.,kolman,15,26,4,7,0.01,ok
house_of_graphs_1877,.,okamoto_exact,15,26,4,6,28.9,ok
house_of_graphs_1897,.,kolman,15,16,3,2,0.01,ok
house_of_graphs_1897,.,okamoto_exact,15,16,3,2,27.23,ok
house_of_graphs_1917,.,kolman,16,0,0,,,invalid_graph
house_of_graphs_1917,.,okamoto_exact,16,0,0,,,invalid_graph
house_of_graphs_1937,.,kolman,18,36,4,8,0.07,ok
house_of_graphs_1937,.,okamoto_exact,18,36,4,8,751.11,ok
house_of_graphs_1957,.,kolman,14,28,4,6,0.05,ok
house_of_graphs_1957,.,okamoto_exact,14,28,4,6,5.91,ok
house_of_graphs_1977,.,kolman,18,29,4,6,0.11,ok
house_of_graphs_1977,.,okamoto_exact,18,29,4,5,1024.57,ok
house_of_graphs_0018,.,kolman,14,13,3,1,0.0,ok
house_of_graphs_0018,.,okamoto_exact,14,13,3,1,0.0,ok
house_of_graphs_0038,.,kolman,14,21,3,5,0.01,ok
house_of_graphs_0038,.,okamoto_exact,14,21,3,4,7.35,ok
house_of_graphs_0058,.,kolman,14,36,8,14,0.01,ok
house_of_graphs_0058,.,okamoto_exact,14,36,8,12,6.68,ok
house_of_graphs_0078,.,kolman,19,53,6,17,0.19,ok
house_of_graphs_0078,.,okamoto_exact,19,53,6,13,5297.13,ok
house_of_graphs_0098,.,kolman,19,55,6,19,0.19,ok
house_of_graphs_0098,.,okamoto_exact,19,55,6,14,5049.8,ok
house_of_graphs_0118,.,kolman,19,62,7,23,0.79,ok
house_of_graphs_0118,.,okamoto_exact,19,62,7,15,6425.03,ok
house_of_graphs_0138,.,kolman,19,70,9,28,0.18,ok
house_of_graphs_0138,.,okamoto_exact,19,70,9,13,5359.18,ok
house_of_graphs_0158,.,kolman,19,37,4,10,0.3,ok
house_of_graphs_0158,.,okamoto_exact,19,37,4,9,2695.76,ok
house_of_graphs_0178,.,kolman,16,30,5,10,0.02,ok
house_of_graphs_0178,.,okamoto_exact,16,30,5,7,98.07,ok
house_of_graphs_0198,.,kolman,19,36,5,8,0.13,ok
house_of_graphs_0198,.,okamoto_exact,19,36,5,7,2799.69,ok
house_of_graphs_0218,.,kolman,18,30,5,9,0.07,ok
house_of_graphs_0218,.,okamoto_exact,18,30,5,6,768.15,ok
house_of_graphs_0238,.,kolman,19,31,6,7,0.2,ok
house_of_graphs_0238,.,okamoto_exact,19,31,6,5,2813.28,ok
house_of_graphs_0258,.,kolman,19,30,4,9,0.27,ok
house_of_graphs_0258,.,okamoto_exact,19,30,4,6,2219.54,ok
house_of_graphs_0278,.,kolman,19,32,6,8,0.22,ok
house_of_graphs_0278,.,okamoto_exact,19,32,6,6,2226.19,ok
house_of_graphs_0298,.,kolman,17,16,4,1,0.0,ok
house_of_graphs_0298,.,okamoto_exact,17,16,4,1,273.81,ok
house_of_graphs_0318,.,kolman,18,27,3,6,0.08,ok
house_of_graphs_0318,.,okamoto_exact,18,27,3,5,820.23,ok
house_of_graphs_0338,.,kolman,17,41,5,14,0.03,ok
house_of_graphs_0338,.,okamoto_exact,17,41,5,11,265.84,ok
house_of_graphs_0358,.,kolman,14,13,3,1,0.07,ok
house_of_graphs_0358,.,okamoto_exact,14,13,3,1,6.56,ok
house_of_graphs_0378,.,kolman,17,22,4,3,0.08,ok
house_of_graphs_0378,.,okamoto_exact,17,22,4,3,261.86,ok
house_of_graphs_0398,.,kolman,17,68,8,20,0.05,ok
house_of_graphs_0398,.,okamoto_exact,17,68,8,14,217.61,ok
house_of_graphs_0418,.,kolman,16,40,5,11,0.04,ok
house_of_graphs_0418,.,okamoto_exact,16,40,5,10,92.67,ok
house_of_graphs_0438,.,kolman,18,27,3,5,0.08,ok
house_of_graphs_0438,.,okamoto_exact,18,27,3,4,980.65,ok
house_of_graphs_0458,.,kolman,16,24,3,6,0.05,ok
house_of_graphs_0458,.,okamoto_exact,16,24,3,4,80.37,ok
house_of_graphs_0478,.,kolman,18,44,10,10,0.08,ok
house_of_graphs_0478,.,okamoto_exact,18,44,10,9,1001.04,ok
house_of_graphs_0498,.,kolman,19,46,11,11,0.32,ok
house_of_graphs_0498,.,okamoto_exact,19,46,11,9,5458.13,ok
house_of_graphs_0518,.,kolman,19,44,9,10,0.39,ok
house_of_graphs_0518,.,okamoto_exact,19,44,9,7,5432.24,ok
house_of_graphs_0538,.,kolman,19,45,11,11,0.21,ok
house_of_graphs_0538,.,okamoto_exact,19,45,11,6,5040.88,ok
house_of_graphs_0558,.,kolman,19,45,9,10,0.28,ok
house_of_graphs_0558,.,okamoto_exact,19,45,9,7,5604.16,ok
house_of_graphs_0578,.,kolman,19,44,9,9,0.17,ok
house_of_graphs_0578,.,okamoto_exact,19,44,9,6,2671.85,ok
house_of_graphs_0598,.,kolman,19,45,9,9,0.18,ok
house_of_graphs_0598,.,okamoto_exact,19,45,9,7,2678.2,ok
house_of_graphs_0618,.,kolman,19,46,9,10,0.18,ok
house_of_graphs_0618,.,okamoto_exact,19,46,9,7,5425.75,ok
house_of_graphs_0638,.,kolman,19,45,10,10,0.3,ok
house_of_graphs_0638,.,okamoto_exact,19,45,10,6,4537.07,ok
house_of_graphs_0658,.,kolman,19,44,8,9,0.29,ok
house_of_graphs_0658,.,okamoto_exact,19,44,8,7,5340.81,ok
house_of_graphs_0678,.,kolman,19,47,10,12,0.28,ok
house_of_graphs_0678,.,okamoto_exact,19,47,10,9,5366.85,ok
house_of_graphs_0698,.,kolman,19,45,9,10,0.16,ok
house_of_graphs_0698,.,okamoto_exact,19,45,9,8,2778.02,ok
house_of_graphs_0718,.,kolman,19,45,9,9,0.18,ok
house_of_graphs_0718,.,okamoto_exact,19,45,9,7,3138.88,ok
house_of_graphs_0738,.,kolman,19,47,12,14,0.28,ok
house_of_graphs_0738,.,okamoto_exact,19,47,12,9,5365.9,ok
house_of_graphs_0758,.,kolman,19,44,9,11,0.28,ok
house_of_graphs_0758,.,okamoto_exact,19,44,9,6,5567.62,ok
house_of_graphs_0778,.,kolman,19,45,9,9,0.15,ok
house_of_graphs_0778,.,okamoto_exact,19,45,9,7,3509.75,ok
house_of_graphs_0798,.,kolman,19,47,10,12,0.13,ok
house_of_graphs_0798,.,okamoto_exact,19,47,10,8,3204.77,ok
house_of_graphs_0818,.,kolman,19,45,8,10,0.27,ok
house_of_graphs_0818,.,okamoto_exact,19,45,8,8,5442.06,ok
house_of_graphs_0838,.,kolman,19,48,11,12,0.18,ok
house_of_graphs_0838,.,okamoto_exact,19,48,11,10,5432.15,ok
house_of_graphs_0858,.,kolman,19,44,9,11,0.27,ok
house_of_graphs_0858,.,okamoto_exact,19,44,9,7,5522.96,ok
house_of_graphs_0878,.,kolman,19,46,9,10,0.28,ok
house_of_graphs_0878,.,okamoto_exact,19,46,9,8,5425.35,ok
house_of_graphs_0898,.,kolman,17,23,4,6,0.03,ok
house_of_graphs_0898,.,okamoto_exact,17,23,4,4,272.3,ok
house_of_graphs_0918,.,kolman,18,25,4,7,0.07,ok
house_of_graphs_0918,.,okamoto_exact,18,25,4,5,1055.89,ok
house_of_graphs_0938,.,kolman,18,24,4,6,0.11,ok
house_of_graphs_0938,.,okamoto_exact,18,24,4,4,873.66,ok
house_of_graphs_0958,.,kolman,18,27,5,8,0.07,ok
house_of_graphs_0958,.,okamoto_exact,18,27,5,5,1075.47,ok
house_of_graphs_0978,.,kolman,18,25,4,7,0.11,ok
house_of_graphs_0978,.,okamoto_exact,18,25,4,5,1050.61,ok
house_of_graphs_0998,.,kolman,18,25,4,6,0.07,ok
house_of_graphs_0998,.,okamoto_exact,18,25,4,5,1003.69,ok
house_of_graphs_1018,.,kolman,18,25,4,6,0.11,ok
house_of_graphs_1018,.,okamoto_exact,18,25,4,5,1001.47,ok
house_of_graphs_1038,.,kolman,18,26,4,9,0.07,ok
house_of_graphs_1038,.,okamoto_exact,18,26,4,6,978.36,ok
house_of_graphs_1058,.,kolman,18,24,4,6,0.12,ok
house_of_graphs_1058,.,okamoto_exact,18,24,4,4,858.7,ok
house_of_graphs_1078,.,kolman,18,26,4,8,0.1,ok
house_of_graphs_1078,.,okamoto_exact,18,26,4,5,1034.79,ok
house_of_graphs_1098,.,kolman,18,26,4,8,0.11,ok
house_of_graphs_1098,.,okamoto_exact,18,26,4,5,1022.3,ok
house_of_graphs_1118,.,kolman,18,24,4,7,0.07,ok
house_of_graphs_1118,.,okamoto_exact,18,24,4,5,1007.36,ok
house_of_graphs_1138,.,kolman,18,26,4,7,0.11,ok
house_of_graphs_1138,.,okamoto_exact,18,26,4,5,1021.32,ok
house_of_graphs_1158,.,kolman,18,27,4,7,0.11,ok
house_of_graphs_1158,.,okamoto_exact,18,27,4,6,992.68,ok
house_of_graphs_1178,.,kolman,18,27,5,7,0.07,ok
house_of_graphs_1178,.,okamoto_exact,18,27,5,5,983.43,ok
house_of_graphs_1198,.,kolman,18,27,5,7,0.15,ok
house_of_graphs_1198,.,okamoto_exact,18,27,5,5,1012.5,ok
house_of_graphs_1218,.,kolman,18,24,4,6,0.11,ok
house_of_graphs_1218,.,okamoto_exact,18,24,4,5,1034.05,ok
house_of_graphs_1238,.,kolman,18,25,4,5,0.11,ok
house_of_graphs_1238,.,okamoto_exact,18,25,4,5,1021.11,ok
house_of_graphs_1258,.,kolman,18,25,4,7,0.08,ok
house_of_graphs_1258,.,okamoto_exact,18,25,4,5,1016.02,ok
house_of_graphs_1278,.,kolman,14,22,4,4,0.04,ok
house_of_graphs_1278,.,okamoto_exact,14,22,4,4,7.86,ok
house_of_graphs_1298,.,kolman,19,38,4,6,0.12,ok
house_of_graphs_1298,.,okamoto_exact,19,38,4,6,2496.51,ok
house_of_graphs_1318,.,kolman,17,51,6,12,0.04,ok
house_of_graphs_1318,.,okamoto_exact,17,51,6,10,262.62,ok
house_of_graphs_1338,.,kolman,16,24,3,5,0.07,ok
house_of_graphs_1338,.,okamoto_exact,16,24,3,4,79.88,ok
house_of_graphs_1358,.,kolman,16,54,11,21,0.03,ok
house_of_graphs_1358,.,okamoto_exact,16,54,11,12,89.95,ok
house_of_graphs_1378,.,kolman,19,74,14,20,0.18,ok
house_of_graphs_1378,.,okamoto_exact,19,74,14,14,6230.98,ok
house_of_graphs_1398,.,kolman,19,79,11,24,0.12,ok
house_of_graphs_1398,.,okamoto_exact,19,79,11,16,2896.7,ok
house_of_graphs_1418,.,kolman,15,30,4,12,0.01,ok
house_of_graphs_1418,.,okamoto_exact,15,30,4,8,21.29,ok
house_of_graphs_1438,.,kolman,18,28,4,8,0.07,ok
house_of_graphs_1438,.,okamoto_exact,18,28,4,6,767.39,ok
house_of_graphs_1458,.,kolman,16,56,7,24,0.05,ok
house_of_graphs_1458,.,okamoto_exact,16,56,7,17,55.95,ok
house_of_graphs_1478,.,kolman,18,144,16,72,0.09,ok
house_of_graphs_1478,.,okamoto_exact,18,144,16,30,473.09,ok
house_of_graphs_1498,.,kolman,16,24,3,7,0.17,ok
house_of_graphs_1498,.,okamoto_exact,16,24,3,5,77.52,ok
house_of_graphs_1518,.,kolman,18,117,13,52,0.08,ok
house_of_graphs_1518,.,okamoto_exact,18,117,13,24,569.22,ok
house_of_graphs_1538,.,kolman,16,24,3,7,0.18,ok
house_of_graphs_1538,.,okamoto_exact,16,24,3,5,83.93,ok
house_of_graphs_1558,.,kolman,18,18,3,2,0.08,ok
house_of_graphs_1558,.,okamoto_exact,18,18,3,2,925.04,ok
house_of_graphs_1578,.,kolman,16,32,4,10,0.05,ok
house_of_graphs_1578,.,okamoto_exact,16,32,4,8,75.84,ok
house_of_graphs_1598,.,kolman,18,36,4,12,0.08,ok
house_of_graphs_1598,.,okamoto_exact,18,36,4,10,627.39,ok
house_of_graphs_1618,.,kolman,19,28,3,6,0.17,ok
house_of_graphs_1618,.,okamoto_exact,19,28,3,5,2574.01,ok
house_of_graphs_1638,.,kolman,19,33,6,10,0.27,ok
house_of_graphs_1638,.,okamoto_exact,19,33,6,7,5173.63,ok
house_of_graphs_1658,.,kolman,19,30,6,7,0.17,ok
house_of_graphs_1658,.,okamoto_exact,19,30,6,5,2557.96,ok
house_of_graphs_1678,.,kolman,15,35,7,12,0.01,ok
house_of_graphs_1678,.,okamoto_exact,15,35,7,7,32.11,ok
house_of_graphs_1698,.,kolman,18,54,6,22,0.07,ok
house_of_graphs_1698,.,okamoto_exact,18,54,6,14,720.96,ok
house_of_graphs_1718,.,kolman,18,48,6,14,0.07,ok
house_of_graphs_1718,.,okamoto_exact,18,48,6,12,1028.51,ok
house_of_graphs_1738,.,kolman,14,21,3,5,0.06,ok
house_of_graphs_1738,.,okamoto_exact,14,21,3,4,8.51,ok
house_of_graphs_1758,.,kolman,16,30,8,8,0.15,ok
house_of_graphs_1758,.,okamoto_exact,16,30,8,6,82.24,ok
house_of_graphs_1778,.,kolman,15,56,8,27,0.02,ok
house_of_graphs_1778,.,okamoto_exact,15,56,8,13,22.41,ok
house_of_graphs_1798,.,kolman,17,66,11,33,0.04,ok
house_of_graphs_1798,.,okamoto_exact,17,66,11,15,247.52,ok
house_of_graphs_1818,.,kolman,19,90,10,44,0.16,ok
house_of_graphs_1818,.,okamoto_exact,19,90,10,17,1723.67,ok
house_of_graphs_1838,.,kolman,17,36,8,12,0.04,ok
house_of_graphs_1838,.,okamoto_exact,17,36,8,6,303.33,ok
house_of_graphs_1858,.,kolman,18,22,3,5,0.09,ok
house_of_graphs_1858,.,okamoto_exact,18,22,3,4,865.94,ok
house_of_graphs_1878,.,kolman,15,26,6,9,0.01,ok
house_of_graphs_1878,.,okamoto_exact,15,26,6,6,30.31,ok
house_of_graphs_1898,.,kolman,18,31,4,9,0.09,ok
house_of_graphs_1898,.,okamoto_exact,18,31,4,6,1023.28,ok
house_of_graphs_1918,.,kolman,17,0,0,,,invalid_graph
house_of_graphs_1918,.,okamoto_exact,17,0,0,,,invalid_graph
house_of_graphs_1938,.,kolman,16,48,6,14,0.02,ok
house_of_graphs_1938,.,okamoto_exact,16,48,6,12,78.05,ok
house_of_graphs_1958,.,kolman,16,32,4,8,0.02,ok
house_of_graphs_1958,.,okamoto_exact,16,32,4,8,74.89,ok
house_of_graphs_1978,.,kolman,14,21,4,5,0.02,ok
house_of_graphs_1978,.,okamoto_exact,14,21,4,4,9.72,ok
house_of_graphs_0019,.,kolman,14,13,2,1,0.0,ok
house_of_graphs_0019,.,okamoto_exact,14,13,2,1,6.9,ok
house_of_graphs_0039,.,kolman,14,21,3,6,0.01,ok
house_of_graphs_0039,.,okamoto_exact,14,21,3,5,7.51,ok
house_of_graphs_0059,.,kolman,16,27,5,8,0.02,ok
house_of_graphs_0059,.,okamoto_exact,16,27,5,6,94.26,ok
house_of_graphs_0079,.,kolman,19,50,9,15,0.12,ok
house_of_graphs_0079,.,okamoto_exact,19,50,9,9,2659.61,ok
house_of_graphs_0099,.,kolman,19,54,6,21,0.19,ok
house_of_graphs_0099,.,okamoto_exact,19,54,6,13,5355.79,ok
house_of_graphs_0119,.,kolman,19,73,8,32,0.19,ok
house_of_graphs_0119,.,okamoto_exact,19,73,8,18,3718.72,ok
house_of_graphs_0139,.,kolman,19,73,8,32,0.67,ok
house_of_graphs_0139,.,okamoto_exact,19,73,8,18,4329.31,ok
house_of_graphs_0159,.,kolman,19,25,4,,,invalid_graph
house_of_graphs_0159,.,okamoto_exact,19,25,4,,,invalid_graph
house_of_graphs_0179,.,kolman,16,30,4,8,0.02,ok
house_of_graphs_0179,.,okamoto_exact,16,30,4,8,68.04,ok
house_of_graphs_0199,.,kolman,19,36,6,9,0.28,ok
house_of_graphs_0199,.,okamoto_exact,19,36,6,6,4436.34,ok
house_of_graphs_0219,.,kolman,18,30,5,7,0.07,ok
house_of_graphs_0219,.,okamoto_exact,18,30,5,6,789.03,ok
house_of_graphs_0239,.,kolman,19,32,6,9,0.4,ok
house_of_graphs_0239,.,okamoto_exact,19,32,6,6,4280.4,ok
house_of_graphs_0259,.,kolman,19,33,6,12,0.22,ok
house_of_graphs_0259,.,okamoto_exact,19,33,6,8,3237.66,ok
house_of_graphs_0279,.,kolman,19,34,6,9,0.19,ok
house_of_graphs_0279,.,okamoto_exact,19,34,6,6,4303.07,ok
house_of_graphs_0299,.,kolman,16,15,3,1,0.0,ok
house_of_graphs_0299,.,okamoto_exact,16,15,3,1,85.12,ok
house_of_graphs_0319,.,kolman,18,27,3,6,0.07,ok
house_of_graphs_0319,.,okamoto_exact,18,27,3,5,808.79,ok
house_of_graphs_0339,.,kolman,16,15,3,1,0.0,ok
house_of_graphs_0339,.,okamoto_exact,16,15,3,1,0.0,ok
house_of_graphs_0359,.,kolman,14,13,3,1,0.0,ok
house_of_graphs_0359,.,okamoto_exact,14,13,3,1,0.0,ok
house_of_graphs_0379,.,kolman,16,15,3,1,0.07,ok
house_of_graphs_0379,.,okamoto_exact,16,15,3,1,0.0,ok
house_of_graphs_0399,.,kolman,18,72,8,20,0.07,ok
house_of_graphs_0399,.,okamoto_exact,18,72,8,12,814.91,ok
house_of_graphs_0419,.,kolman,15,13,3,,,invalid_graph
house_of_graphs_0419,.,okamoto_exact,15,13,3,,,invalid_graph
house_of_graphs_0439,.,kolman,18,27,3,7,0.18,ok
house_of_graphs_0439,.,okamoto_exact,18,27,3,6,797.29,ok
house_of_graphs_0459,.,kolman,16,24,3,6,0.06,ok
house_of_graphs_0459,.,okamoto_exact,16,24,3,4,79.03,ok
house_of_graphs_0479,.,kolman,18,41,8,9,0.08,ok
house_of_graphs_0479,.,okamoto_exact,18,41,8,7,977.32,ok
house_of_graphs_0499,.,kolman,19,44,10,11,0.17,ok
house_of_graphs_0499,.,okamoto_exact,19,44,10,6,2758.47,ok
house_of_graphs_0519,.,kolman,19,45,10,11,0.18,ok
house_of_graphs_0519,.,okamoto_exact,19,45,10,8,2816.71,ok
house_of_graphs_0539,.,kolman,19,45,10,10,0.29,ok
house_of_graphs_0539,.,okamoto_exact,19,45,10,7,5452.58,ok
house_of_graphs_0559,.,kolman,19,46,10,10,0.32,ok
house_of_graphs_0559,.,okamoto_exact,19,46,10,8,5618.14,ok
house_of_graphs_0579,.,kolman,19,45,9,9,0.18,ok
house_of_graphs_0579,.,okamoto_exact,19,45,9,7,3000.69,ok
house_of_graphs_0599,.,kolman,19,46,10,10,0.13,ok
house_of_graphs_0599,.,okamoto_exact,19,46,10,8,3040.94,ok
house_of_graphs_0619,.,kolman,19,47,10,10,0.18,ok
house_of_graphs_0619,.,okamoto_exact,19,47,10,8,5565.37,ok
house_of_graphs_0639,.,kolman,19,46,11,11,0.2,ok
house_of_graphs_0639,.,okamoto_exact,19,46,11,7,5379.6,ok
house_of_graphs_0659,.,kolman,19,45,9,10,0.28,ok
house_of_graphs_0659,.,okamoto_exact,19,45,9,8,5405.27,ok
house_of_graphs_0679,.,kolman,19,46,9,10,0.3,ok
house_of_graphs_0679,.,okamoto_exact,19,46,9,8,4963.79,ok
house_of_graphs_0699,.,kolman,19,46,9,11,0.22,ok
house_of_graphs_0699,.,okamoto_exact,19,46,9,7,3389.18,ok
house_of_graphs_0719,.,kolman,19,46,10,10,0.17,ok
house_of_graphs_0719,.,okamoto_exact,19,46,10,8,2647.96,ok
house_of_graphs_0739,.,kolman,19,46,9,10,0.12,ok
house_of_graphs_0739,.,okamoto_exact,19,46,9,8,2882.3,ok
house_of_graphs_0759,.,kolman,19,45,10,12,0.23,ok
house_of_graphs_0759,.,okamoto_exact,19,45,10,7,2998.52,ok
house_of_graphs_0779,.,kolman,19,44,10,11,0.29,ok
house_of_graphs_0779,.,okamoto_exact,19,44,10,6,5389.28,ok
house_of_graphs_0799,.,kolman,19,45,8,10,0.2,ok
house_of_graphs_0799,.,okamoto_exact,19,45,8,8,3105.17,ok
house_of_graphs_0819,.,kolman,19,46,9,10,0.19,ok
house_of_graphs_0819,.,okamoto_exact,19,46,9,9,5625.12,ok
house_of_graphs_0839,.,kolman,19,45,9,11,0.29,ok
house_of_graphs_0839,.,okamoto_exact,19,45,9,8,5526.76,ok
house_of_graphs_0859,.,kolman,19,45,10,11,0.4,ok
house_of_graphs_0859,.,okamoto_exact,19,45,10,7,6163.38,ok
house_of_graphs_0879,.,kolman,18,36,4,10,0.07,ok
house_of_graphs_0879,.,okamoto_exact,18,36,4,8,786.49,ok
house_of_graphs_0899,.,kolman,17,24,4,8,0.08,ok
house_of_graphs_0899,.,okamoto_exact,17,24,4,5,333.41,ok
house_of_graphs_0919,.,kolman,18,25,4,6,0.09,ok
house_of_graphs_0919,.,okamoto_exact,18,25,4,4,855.55,ok
house_of_graphs_0939,.,kolman,18,25,4,7,0.07,ok
house_of_graphs_0939,.,okamoto_exact,18,25,4,5,987.78,ok
house_of_graphs_0959,.,kolman,18,26,4,8,0.11,ok
house_of_graphs_0959,.,okamoto_exact,18,26,4,5,999.99,ok
house_of_graphs_0979,.,kolman,18,26,4,6,0.07,ok
house_of_graphs_0979,.,okamoto_exact,18,26,4,5,1020.93,ok
house_of_graphs_0999,.,kolman,18,26,4,6,0.1,ok
house_of_graphs_0999,.,okamoto_exact,18,26,4,5,1025.13,ok
house_of_graphs_1019,.,kolman,18,26,4,8,0.07,ok
house_of_graphs_1019,.,okamoto_exact,18,26,4,5,1060.31,ok
house_of_graphs_1039,.,kolman,18,26,4,6,0.1,ok
house_of_graphs_1039,.,okamoto_exact,18,26,4,5,847.06,ok
house_of_graphs_1059,.,kolman,18,24,4,5,0.1,ok
house_of_graphs_1059,.,okamoto_exact,18,24,4,4,833.42,ok
house_of_graphs_1079,.,kolman,18,26,4,7,0.1,ok
house_of_graphs_1079,.,okamoto_exact,18,26,4,6,1035.78,ok
house_of_graphs_1099,.,kolman,18,26,4,7,0.11,ok
house_of_graphs_1099,.,okamoto_exact,18,26,4,5,1031.79,ok
house_of_graphs_1119,.,kolman,18,25,5,5,0.07,ok
house_of_graphs_1119,.,okamoto_exact,18,25,5,5,1075.57,ok
house_of_graphs_1139,.,kolman,18,27,5,6,0.15,ok
house_of_graphs_1139,.,okamoto_exact,18,27,5,5,1017.83,ok
house_of_graphs_1159,.,kolman,18,24,4,5,0.07,ok
house_of_graphs_1159,.,okamoto_exact,18,24,4,4,856.81,ok
house_of_graphs_1179,.,kolman,18,26,4,6,0.11,ok
house_of_graphs_1179,.,okamoto_exact,18,26,4,5,880.17,ok
house_of_graphs_1199,.,kolman,18,27,5,7,0.07,ok
house_of_graphs_1199,.,okamoto_exact,18,27,5,5,1044.81,ok
house_of_graphs_1219,.,kolman,18,25,5,5,0.11,ok
house_of_graphs_1219,.,okamoto_exact,18,25,5,5,1038.56,ok
house_of_graphs_1239,.,kolman,18,26,4,6,0.07,ok
house_of_graphs_1239,.,okamoto_exact,18,26,4,5,1050.24,ok
house_of_graphs_1259,.,kolman,18,24,4,6,0.11,ok
house_of_graphs_1259,.,okamoto_exact,18,24,4,4,901.67,ok
house_of_graphs_1279,.,kolman,16,80,10,32,0.17,ok
house_of_graphs_1279,.,okamoto_exact,16,80,10,18,53.05,ok
house_of_graphs_1299,.,kolman,19,38,4,6,0.29,ok
house_of_graphs_1299,.,okamoto_exact,19,38,4,6,2455.48,ok
house_of_graphs_1319,.,kolman,17,51,6,12,0.04,ok
house_of_graphs_1319,.,okamoto_exact,17,51,6,10,281.27,ok
house_of_graphs_1339,.,kolman,16,42,6,13,0.04,ok
house_of_graphs_1339,.,okamoto_exact,16,42,6,11,93.57,ok
house_of_graphs_1359,.,kolman,16,53,9,19,0.02,ok
house_of_graphs_1359,.,okamoto_exact,16,53,9,11,96.03,ok
house_of_graphs_1379,.,kolman,19,76,14,28,0.21,ok
house_of_graphs_1379,.,okamoto_exact,19,76,14,15,2791.66,ok
house_of_graphs_1399,.,kolman,19,76,12,26,0.27,ok
house_of_graphs_1399,.,okamoto_exact,19,76,12,15,4998.11,ok
house_of_graphs_1419,.,kolman,16,32,4,10,0.02,ok
house_of_graphs_1419,.,okamoto_exact,16,32,4,10,46.9,ok
house_of_graphs_1439,.,kolman,15,21,4,6,0.01,ok
house_of_graphs_1439,.,okamoto_exact,15,21,4,5,24.46,ok
house_of_graphs_1459,.,kolman,16,64,8,30,0.02,ok
house_of_graphs_1459,.,okamoto_exact,16,64,8,14,48.28,ok
house_of_graphs_1479,.,kolman,18,153,17,80,0.07,ok
house_of_graphs_1479,.,okamoto_exact,18,153,17,17,314.84,ok
house_of_graphs_1499,.,kolman,17,34,4,10,0.04,ok
house_of_graphs_1499,.,okamoto_exact,17,34,4,8,244.89,ok
house_of_graphs_1519,.,kolman,15,54,8,21,0.03,ok
house_of_graphs_1519,.,okamoto_exact,15,54,8,13,22.7,ok
house_of_graphs_1539,.,kolman,16,24,3,6,0.07,ok
house_of_graphs_1539,.,okamoto_exact,16,24,3,5,81.7,ok
house_of_graphs_1559,.,kolman,14,28,4,8,0.01,ok
house_of_graphs_1559,.,okamoto_exact,14,28,4,8,7.06,ok
house_of_graphs_1579,.,kolman,16,32,4,10,0.02,ok
house_of_graphs_1579,.,okamoto_exact,16,32,4,8,74.29,ok
house_of_graphs_1599,.,kolman,18,36,4,10,0.08,ok
house_of_graphs_1599,.,okamoto_exact,18,36,4,10,646.96,ok
house_of_graphs_1619,.,kolman,16,27,5,9,0.08,ok
house_of_graphs_1619,.,okamoto_exact,16,27,5,7,95.12,ok
house_of_graphs_1639,.,kolman,19,30,6,7,0.18,ok
house_of_graphs_1639,.,okamoto_exact,19,30,6,5,2288.26,ok
house_of_graphs_1659,.,kolman,18,27,3,8,0.07,ok
house_of_graphs_1659,.,okamoto_exact,18,27,3,6,778.6,ok
house_of_graphs_1679,.,kolman,16,42,7,13,0.06,ok
house_of_graphs_1679,.,okamoto_exact,16,42,7,11,96.38,ok
house_of_graphs_1699,.,kolman,18,54,6,18,0.08,ok
house_of_graphs_1699,.,okamoto_exact,18,54,6,14,720.47,ok
house_of_graphs_1719,.,kolman,16,32,4,10,0.11,ok
house_of_graphs_1719,.,okamoto_exact,16,32,4,10,47.07,ok
house_of_graphs_1739,.,kolman,14,21,3,4,0.01,ok
house_of_graphs_1739,.,okamoto_exact,14,21,3,4,9.75,ok
house_of_graphs_1759,.,kolman,18,24,3,5,0.07,ok
house_of_graphs_1759,.,okamoto_exact,18,24,3,4,883.19,ok
house_of_graphs_1779,.,kolman,15,60,8,24,0.04,ok
house_of_graphs_1779,.,okamoto_exact,15,60,8,14,17.69,ok
house_of_graphs_1799,.,kolman,17,60,12,33,0.04,ok
house_of_graphs_1799,.,okamoto_exact,17,60,12,15,227.74,ok
house_of_graphs_1819,.,kolman,19,88,11,43,0.12,ok
house_of_graphs_1819,.,okamoto_exact,19,88,11,17,2433.07,ok
house_of_graphs_1839,.,kolman,18,39,5,13,0.07,ok
house_of_graphs_1839,.,okamoto_exact,18,39,5,10,969.26,ok
house_of_graphs_1859,.,kolman,16,19,3,4,0.07,ok
house_of_graphs_1859,.,okamoto_exact,16,19,3,4,85.06,ok
house_of_graphs_1879,.,kolman,15,26,5,7,0.02,ok
house_of_graphs_1879,.,okamoto_exact,15,26,5,6,29.0,ok
house_of_graphs_1899,.,kolman,15,25,4,7,0.01,ok
house_of_graphs_1899,.,okamoto_exact,15,25,4,6,25.85,ok
house_of_graphs_1919,.,kolman,18,0,0,,,invalid_graph
house_of_graphs_1919,.,okamoto_exact,18,0,0,,,invalid_graph
house_of_graphs_1939,.,kolman,17,68,8,20,0.04,ok
house_of_graphs_1939,.,okamoto_exact,17,68,8,14,219.04,ok
house_of_graphs_1959,.,kolman,14,21,3,4,0.03,ok
house_of_graphs_1959,.,okamoto_exact,14,21,3,3,7.78,ok
house_of_graphs_1979,.,kolman,14,35,5,11,0.01,ok
house_of_graphs_1979,.,okamoto_exact,14,35,5,10,7.78,ok
house_of_graphs_0020,.,kolman,14,13,4,1,0.0,ok
house_of_graphs_0020,.,okamoto_exact,14,13,4,1,0.0,ok
house_of_graphs_0040,.,kolman,14,21,3,6,0.01,ok
house_of_graphs_0040,.,okamoto_exact,14,21,3,5,7.15,ok
house_of_graphs_0060,.,kolman,16,32,4,8,0.02,ok
house_of_graphs_0060,.,okamoto_exact,16,32,4,8,69.1,ok
house_of_graphs_0080,.,kolman,19,51,6,17,0.19,ok
house_of_graphs_0080,.,okamoto_exact,19,51,6,12,5772.9,ok
house_of_graphs_0100,.,kolman,19,59,7,20,0.12,ok
house_of_graphs_0100,.,okamoto_exact,19,59,7,14,2407.44,ok
house_of_graphs_0120,.,kolman,19,66,7,24,0.27,ok
house_of_graphs_0120,.,okamoto_exact,19,66,7,17,2211.62,ok
house_of_graphs_0140,.,kolman,19,52,7,20,0.11,ok
house_of_graphs_0140,.,okamoto_exact,19,52,7,11,2214.32,ok
house_of_graphs_0160,.,kolman,19,25,4,,,invalid_graph
house_of_graphs_0160,.,okamoto_exact,19,25,4,,,invalid_graph
house_of_graphs_0180,.,kolman,16,30,4,9,0.02,ok
house_of_graphs_0180,.,okamoto_exact,16,30,4,8,65.8,ok
house_of_graphs_0200,.,kolman,18,51,7,21,0.08,ok
house_of_graphs_0200,.,okamoto_exact,18,51,7,11,894.8,ok
house_of_graphs_0220,.,kolman,18,29,4,6,0.11,ok
house_of_graphs_0220,.,okamoto_exact,18,29,4,6,964.84,ok
house_of_graphs_0240,.,kolman,19,31,6,7,0.27,ok
house_of_graphs_0240,.,okamoto_exact,19,31,6,6,4341.37,ok
house_of_graphs_0260,.,kolman,19,30,4,7,0.28,ok
house_of_graphs_0260,.,okamoto_exact,19,30,4,6,5380.76,ok
house_of_graphs_0280,.,kolman,19,35,6,8,0.19,ok
house_of_graphs_0280,.,okamoto_exact,19,35,6,7,5211.12,ok
house_of_graphs_0300,.,kolman,16,15,10,1,0.0,ok
house_of_graphs_0300,.,okamoto_exact,16,15,10,1,73.26,ok
house_of_graphs_0320,.,kolman,18,27,3,5,0.07,ok
house_of_graphs_0320,.,okamoto_exact,18,27,3,5,776.78,ok
house_of_graphs_0340,.,kolman,16,48,6,16,0.02,ok
house_of_graphs_0340,.,okamoto_exact,16,48,6,12,64.22,ok
house_of_graphs_0360,.,kolman,14,21,5,7,0.02,ok
house_of_graphs_0360,.,okamoto_exact,14,21,5,5,9.39,ok
house_of_graphs_0380,.,kolman,16,15,3,1,0.0,ok
house_of_graphs_0380,.,okamoto_exact,16,15,3,1,84.46,ok
house_of_graphs_0400,.,kolman,19,76,8,22,0.16,ok
house_of_graphs_0400,.,okamoto_exact,19,76,8,14,1951.78,ok
house_of_graphs_0420,.,kolman,14,13,4,1,0.0,ok
house_of_graphs_0420,.,okamoto_exact,14,13,4,1,6.02,ok
house_of_graphs_0440,.,kolman,18,27,3,6,0.07,ok
house_of_graphs_0440,.,okamoto_exact,18,27,3,5,916.07,ok
house_of_graphs_0460,.,kolman,16,24,3,5,0.02,ok
house_of_graphs_0460,.,okamoto_exact,16,24,3,4,75.05,ok
house_of_graphs_0480,.,kolman,18,42,9,9,0.07,ok
house_of_graphs_0480,.,okamoto_exact,18,42,9,8,965.69,ok
house_of_graphs_0500,.,kolman,19,45,11,12,0.54,ok
house_of_graphs_0500,.,okamoto_exact,19,45,11,7,4872.19,ok
house_of_graphs_0520,.,kolman,19,46,10,11,0.38,ok
house_of_graphs_0520,.,okamoto_exact,19,46,10,8,5558.92,ok
house_of_graphs_0540,.,kolman,19,46,10,10,0.12,ok
house_of_graphs_0540,.,okamoto_exact,19,46,10,7,2984.97,ok
house_of_graphs_0560,.,kolman,19,45,9,9,0.2,ok
house_of_graphs_0560,.,okamoto_exact,19,45,9,8,2889.38,ok
house_of_graphs_0580,.,kolman,19,46,10,10,0.28,ok
house_of_graphs_0580,.,okamoto_exact,19,46,10,8,5531.51,ok
house_of_graphs_0600,.,kolman,19,44,9,9,0.25,ok
house_of_graphs_0600,.,okamoto_exact,19,44,9,7,2890.1,ok
house_of_graphs_0620,.,kolman,19,46,9,9,0.11,ok
house_of_graphs_0620,.,okamoto_exact,19,46,9,8,2607.31,ok
house_of_graphs_0640,.,kolman,19,46,10,10,0.11,ok
house_of_graphs_0640,.,okamoto_exact,19,46,10,7,2752.14,ok
house_of_graphs_0660,.,kolman,19,46,10,11,0.3,ok
house_of_graphs_0660,.,okamoto_exact,19,46,10,8,4976.34,ok
house_of_graphs_0680,.,kolman,19,47,10,11,0.12,ok
house_of_graphs_0680,.,okamoto_exact,19,47,10,9,2478.17,ok
house_of_graphs_0700,.,kolman,19,47,10,12,0.25,ok
house_of_graphs_0700,.,okamoto_exact,19,47,10,8,2447.91,ok
house_of_graphs_0720,.,kolman,19,46,9,11,0.47,ok
house_of_graphs_0720,.,okamoto_exact,19,46,9,8,6553.49,ok
house_of_graphs_0740,.,kolman,19,47,10,11,0.34,ok
house_of_graphs_0740,.,okamoto_exact,19,47,10,9,2823.38,ok
house_of_graphs_0760,.,kolman,19,45,9,10,0.44,ok
house_of_graphs_0760,.,okamoto_exact,19,45,9,8,6532.08,ok
house_of_graphs_0780,.,kolman,19,44,9,10,0.31,ok
house_of_graphs_0780,.,okamoto_exact,19,44,9,8,5613.9,ok
house_of_graphs_0800,.,kolman,19,46,9,10,0.43,ok
house_of_graphs_0800,.,okamoto_exact,19,46,9,9,6133.46,ok
house_of_graphs_0820,.,kolman,19,45,8,10,0.28,ok
house_of_graphs_0820,.,okamoto_exact,19,45,8,7,2940.02,ok
house_of_graphs_0840,.,kolman,19,46,10,12,0.28,ok
house_of_graphs_0840,.,okamoto_exact,19,46,10,9,5433.52,ok
house_of_graphs_0860,.,kolman,19,46,11,12,0.3,ok
house_of_graphs_0860,.,okamoto_exact,19,46,11,8,5044.13,ok
house_of_graphs_0880,.,kolman,16,22,4,6,0.02,ok
house_of_graphs_0880,.,okamoto_exact,16,22,4,5,94.39,ok
house_of_graphs_0900,.,kolman,17,23,4,5,0.03,ok
house_of_graphs_0900,.,okamoto_exact,17,23,4,4,243.37,ok
house_of_graphs_0920,.,kolman,18,26,4,6,0.08,ok
house_of_graphs_0920,.,okamoto_exact,18,26,4,5,927.96,ok
house_of_graphs_0940,.,kolman,18,25,4,6,0.06,ok
house_of_graphs_0940,.,okamoto_exact,18,25,4,5,926.41,ok
house_of_graphs_0960,.,kolman,18,26,4,8,0.1,ok
house_of_graphs_0960,.,okamoto_exact,18,26,4,6,950.7,ok
house_of_graphs_0980,.,kolman,18,26,4,7,0.1,ok
house_of_graphs_0980,.,okamoto_exact,18,26,4,5,937.87,ok
house_of_graphs_1000,.,kolman,18,25,4,6,0.1,ok
house_of_graphs_1000,.,okamoto_exact,18,25,4,5,975.34,ok
house_of_graphs_1020,.,kolman,18,27,4,7,0.1,ok
house_of_graphs_1020,.,okamoto_exact,18,27,4,6,901.11,ok
house_of_graphs_1040,.,kolman,18,25,4,6,0.07,ok
house_of_graphs_1040,.,okamoto_exact,18,25,4,5,934.9,ok
house_of_graphs_1060,.,kolman,18,25,5,6,0.1,ok
house_of_graphs_1060,.,okamoto_exact,18,25,5,5,936.32,ok
house_of_graphs_1080,.,kolman,18,24,4,6,0.1,ok
house_of_graphs_1080,.,okamoto_exact,18,24,4,4,838.4,ok
house_of_graphs_1100,.,kolman,18,25,4,5,0.14,ok
house_of_graphs_1100,.,okamoto_exact,18,25,4,5,969.17,ok
house_of_graphs_1120,.,kolman,18,26,5,7,0.09,ok
house_of_graphs_1120,.,okamoto_exact,18,26,5,5,958.74,ok
house_of_graphs_1140,.,kolman,18,26,4,7,0.06,ok
house_of_graphs_1140,.,okamoto_exact,18,26,4,5,903.91,ok
house_of_graphs_1160,.,kolman,18,26,4,6,0.1,ok
house_of_graphs_1160,.,okamoto_exact,18,26,4,5,967.27,ok
house_of_graphs_1180,.,kolman,18,27,5,7,0.06,ok
house_of_graphs_1180,.,okamoto_exact,18,27,5,5,773.91,ok
house_of_graphs_1200,.,kolman,18,26,4,6,0.1,ok
house_of_graphs_1200,.,okamoto_exact,18,26,4,5,936.96,ok
house_of_graphs_1220,.,kolman,18,24,4,5,0.1,ok
house_of_graphs_1220,.,okamoto_exact,18,24,4,4,803.52,ok
house_of_graphs_1240,.,kolman,18,24,4,5,0.1,ok
house_of_graphs_1240,.,okamoto_exact,18,24,4,4,812.38,ok
house_of_graphs_1260,.,kolman,18,25,4,7,0.17,ok
house_of_graphs_1260,.,okamoto_exact,18,25,4,5,996.64,ok
house_of_graphs_1280,.,kolman,14,49,7,23,0.04,ok
house_of_graphs_1280,.,okamoto_exact,14,49,7,12,5.97,ok
house_of_graphs_1300,.,kolman,19,38,4,8,0.26,ok
house_of_graphs_1300,.,okamoto_exact,19,38,4,6,5055.28,ok
house_of_graphs_1320,.,kolman,18,54,6,12,0.06,ok
house_of_graphs_1320,.,okamoto_exact,18,54,6,10,989.02,ok
house_of_graphs_1340,.,kolman,14,21,3,4,0.04,ok
house_of_graphs_1340,.,okamoto_exact,14,21,3,4,7.35,ok
house_of_graphs_1360,.,kolman,16,55,9,17,0.02,ok
house_of_graphs_1360,.,okamoto_exact,16,55,9,12,85.92,ok
house_of_graphs_1380,.,kolman,19,72,14,18,0.16,ok
house_of_graphs_1380,.,okamoto_exact,19,72,14,13,2660.42,ok
house_of_graphs_1400,.,kolman,19,74,11,22,0.32,ok
house_of_graphs_1400,.,okamoto_exact,19,74,11,14,6035.61,ok
house_of_graphs_1420,.,kolman,17,34,4,10,0.03,ok
house_of_graphs_1420,.,okamoto_exact,17,34,4,10,176.9,ok
house_of_graphs_1440,.,kolman,15,21,3,5,0.04,ok
house_of_graphs_1440,.,okamoto_exact,15,21,3,4,23.05,ok
house_of_graphs_1460,.,kolman,16,72,9,30,0.02,ok
house_of_graphs_1460,.,okamoto_exact,16,72,9,16,54.19,ok
house_of_graphs_1480,.,kolman,19,19,2,2,0.19,ok
house_of_graphs_1480,.,okamoto_exact,19,19,2,2,3809.91,ok
house_of_graphs_1500,.,kolman,19,57,6,20,0.19,ok
house_of_graphs_1500,.,okamoto_exact,19,57,6,12,3815.76,ok
house_of_graphs_1520,.,kolman,14,65,10,32,0.01,ok
house_of_graphs_1520,.,okamoto_exact,14,65,10,16,7.03,ok
house_of_graphs_1540,.,kolman,16,72,9,30,0.02,ok
house_of_graphs_1540,.,okamoto_exact,16,72,9,16,56.4,ok
house_of_graphs_1560,.,kolman,15,30,4,10,0.02,ok
house_of_graphs_1560,.,okamoto_exact,15,30,4,8,27.29,ok
house_of_graphs_1580,.,kolman,16,32,4,10,0.02,ok
house_of_graphs_1580,.,okamoto_exact,16,32,4,8,66.26,ok
house_of_graphs_1600,.,kolman,18,36,4,14,0.07,ok
house_of_graphs_1600,.,okamoto_exact,18,36,4,10,599.37,ok
house_of_graphs_1620,.,kolman,16,27,5,9,0.08,ok
house_of_graphs_1620,.,okamoto_exact,16,27,5,7,89.0,ok
house_of_graphs_1640,.,kolman,19,30,6,7,0.19,ok
house_of_graphs_1640,.,okamoto_exact,19,30,6,5,5337.19,ok
house_of_graphs_1660,.,kolman,14,21,3,7,0.01,ok
house_of_graphs_1660,.,okamoto_exact,14,21,3,5,6.94,ok
house_of_graphs_1680,.,kolman,19,51,18,20,0.19,ok
house_of_graphs_1680,.,okamoto_exact,19,51,18,18,3132.09,ok
house_of_graphs_1700,.,kolman,18,54,6,18,0.07,ok
house_of_graphs_1700,.,okamoto_exact,18,54,6,14,721.23,ok
house_of_graphs_1720,.,kolman,14,36,10,16,0.1,ok
house_of_graphs_1720,.,okamoto_exact,14,36,10,10,6.76,ok
house_of_graphs_1740,.,kolman,16,24,3,4,0.02,ok
house_of_graphs_1740,.,okamoto_exact,16,24,3,4,96.9,ok
house_of_graphs_1760,.,kolman,16,26,4,4,0.02,ok
house_of_graphs_1760,.,okamoto_exact,16,26,4,4,84.82,ok
house_of_graphs_1780,.,kolman,15,54,9,26,0.02,ok
house_of_graphs_1780,.,okamoto_exact,15,54,9,13,16.41,ok
house_of_graphs_1800,.,kolman,17,52,13,26,0.04,ok
house_of_graphs_1800,.,okamoto_exact,17,52,13,15,252.67,ok
house_of_graphs_1820,.,kolman,19,84,12,41,0.17,ok
house_of_graphs_1820,.,okamoto_exact,19,84,12,17,2363.67,ok
house_of_graphs_1840,.,kolman,17,26,4,9,0.03,ok
house_of_graphs_1840,.,okamoto_exact,17,26,4,6,288.38,ok
house_of_graphs_1860,.,kolman,14,21,3,6,0.02,ok
house_of_graphs_1860,.,okamoto_exact,14,21,3,5,7.21,ok
house_of_graphs_1880,.,kolman,15,18,3,3,0.01,ok
house_of_graphs_1880,.,okamoto_exact,15,18,3,3,24.18,ok
house_of_graphs_1900,.,kolman,15,26,4,7,0.01,ok
house_of_graphs_1900,.,okamoto_exact,15,26,4,6,28.03,ok
house_of_graphs_1920,.,kolman,19,0,0,,,invalid_graph
house_of_graphs_1920,.,okamoto_exact,19,0,0,,,invalid_graph
house_of_graphs_1940,.,kolman,16,40,5,9,0.02,ok
house_of_graphs_1940,.,okamoto_exact,16,40,5,8,85.54,ok
house_of_graphs_1960,.,kolman,18,48,8,18,0.07,ok
house_of_graphs_1960,.,okamoto_exact,18,48,8,10,761.36,ok
house_of_graphs_1980,.,kolman,15,45,6,18,0.06,ok
house_of_graphs_1980,.,okamoto_exact,15,45,6,12,15.75,ok
house_of_graphs_0214,.,kolman,16,27,5,9,0.02,ok
house_of_graphs_0214,.,okamoto_exact,16,27,5,7,90.86,ok
house_of_graphs_0474,.,kolman,14,33,9,11,0.01,ok
house_of_graphs_0474,.,okamoto_exact,14,33,9,9,7.55,ok
house_of_graphs_0494,.,kolman,19,47,13,15,0.13,ok
house_of_graphs_0494,.,okamoto_exact,19,47,13,8,3077.02,ok
house_of_graphs_0694,.,kolman,19,42,8,10,0.13,ok
house_of_graphs_0694,.,okamoto_exact,19,42,8,6,3163.84,ok
house_of_graphs_0774,.,kolman,19,44,9,10,0.13,ok
house_of_graphs_0774,.,okamoto_exact,19,44,9,7,3008.73,ok
house_of_graphs_0914,.,kolman,18,25,4,8,0.07,ok
house_of_graphs_0914,.,okamoto_exact,18,25,4,5,974.1,ok
house_of_graphs_0994,.,kolman,18,27,4,8,0.18,ok
house_of_graphs_0994,.,okamoto_exact,18,27,4,6,992.57,ok
house_of_graphs_1334,.,kolman,18,27,3,5,0.07,ok
house_of_graphs_1334,.,okamoto_exact,18,27,3,4,830.51,ok
house_of_graphs_1394,.,kolman,19,86,12,34,0.13,ok
house_of_graphs_1394,.,okamoto_exact,19,86,12,17,3211.98,ok
house_of_graphs_1454,.,kolman,15,90,12,44,0.15,ok
house_of_graphs_1454,.,okamoto_exact,15,90,12,22,16.09,ok
house_of_graphs_0054,.,kolman,15,39,6,12,0.02,ok
house_of_graphs_0054,.,okamoto_exact,15,39,6,10,43.73,ok
house_of_graphs_0514,.,kolman,19,47,10,11,0.27,ok
house_of_graphs_0514,.,okamoto_exact,19,47,10,8,6043.27,ok
house_of_graphs_0674,.,kolman,19,48,11,12,0.26,ok
house_of_graphs_0674,.,okamoto_exact,19,48,11,9,6278.48,ok
house_of_graphs_0854,.,kolman,19,47,11,10,0.38,ok
house_of_graphs_0854,.,okamoto_exact,19,47,11,9,6254.1,ok
house_of_graphs_0894,.,kolman,17,24,4,6,0.2,ok
house_of_graphs_0894,.,okamoto_exact,17,24,4,5,612.37,ok
house_of_graphs_1034,.,kolman,18,26,4,6,0.28,ok
house_of_graphs_1034,.,okamoto_exact,18,26,4,5,1910.92,ok
house_of_graphs_1254,.,kolman,18,24,4,6,0.19,ok
house_of_graphs_1254,.,okamoto_exact,18,24,4,4,1587.58,ok
house_of_graphs_1594,.,kolman,18,36,4,10,0.19,ok
house_of_graphs_1594,.,okamoto_exact,18,36,4,10,1223.16,ok
house_of_graphs_1734,.,kolman,19,24,6,4,0.26,ok
house_of_graphs_1734,.,okamoto_exact,19,24,6,3,5192.74,ok
house_of_graphs_0194,.,kolman,17,32,5,8,0.05,ok
house_of_graphs_0194,.,okamoto_exact,17,32,5,7,527.74,ok
house_of_graphs_0254,.,kolman,19,33,5,9,0.22,ok
house_of_graphs_0254,.,okamoto_exact,19,33,5,7,5195.02,ok
house_of_graphs_0574,.,kolman,19,45,9,9,0.18,ok
house_of_graphs_0574,.,okamoto_exact,19,45,9,7,5480.34,ok
house_of_graphs_0754,.,kolman,19,44,9,9,0.3,ok
house_of_graphs_0754,.,okamoto_exact,19,44,9,7,5453.67,ok
house_of_graphs_1014,.,kolman,18,25,4,8,0.2,ok
house_of_graphs_1014,.,okamoto_exact,18,25,4,5,1699.68,ok
house_of_graphs_1274,.,kolman,18,25,4,6,0.1,ok
house_of_graphs_1274,.,okamoto_exact,18,25,4,5,1737.66,ok
house_of_graphs_1414,.,kolman,15,30,4,8,0.23,ok
house_of_graphs_1414,.,okamoto_exact,15,30,4,8,29.56,ok
house_of_graphs_1434,.,kolman,14,21,3,7,0.01,ok
house_of_graphs_1434,.,okamoto_exact,14,21,3,5,12.58,ok
house_of_graphs_1654,.,kolman,19,30,6,7,0.2,ok
house_of_graphs_1654,.,okamoto_exact,19,30,6,5,5232.41,ok
house_of_graphs_1954,.,kolman,18,22,3,4,0.09,ok
house_of_graphs_1954,.,okamoto_exact,18,22,3,3,1451.68,ok
house_of_graphs_0134,.,kolman,19,57,6,22,0.19,ok
house_of_graphs_0134,.,okamoto_exact,19,57,6,14,4065.13,ok
house_of_graphs_0334,.,kolman,19,18,5,1,0.25,ok
house_of_graphs_0334,.,okamoto_exact,19,18,5,1,4701.09,ok
house_of_graphs_0354,.,kolman,18,27,3,5,0.2,ok
house_of_graphs_0354,.,okamoto_exact,18,27,3,5,1417.82,ok
house_of_graphs_0734,.,kolman,19,46,10,11,0.23,ok
house_of_graphs_0734,.,okamoto_exact,19,46,10,8,5343.12,ok
house_of_graphs_0794,.,kolman,19,47,10,11,0.28,ok
house_of_graphs_0794,.,okamoto_exact,19,47,10,8,5404.97,ok
house_of_graphs_1134,.,kolman,18,26,4,7,0.2,ok
house_of_graphs_1134,.,okamoto_exact,18,26,4,5,1705.51,ok
house_of_graphs_1154,.,kolman,18,26,4,6,0.16,ok
house_of_graphs_1154,.,okamoto_exact,18,26,4,5,1713.01,ok
house_of_graphs_1374,.,kolman,15,58,10,19,0.02,ok
house_of_graphs_1374,.,okamoto_exact,15,58,10,14,47.85,ok
house_of_graphs_1554,.,kolman,16,16,3,2,0.03,ok
house_of_graphs_1554,.,okamoto_exact,16,16,3,2,146.96,ok
house_of_graphs_1854,.,kolman,15,30,4,8,0.02,ok
house_of_graphs_1854,.,okamoto_exact,15,30,4,6,40.52,ok
house_of_graphs_1934,.,kolman,17,34,4,8,0.06,ok
house_of_graphs_1934,.,okamoto_exact,17,34,4,8,420.11,ok
house_of_graphs_0234,.,kolman,19,32,6,8,0.19,ok
house_of_graphs_0234,.,okamoto_exact,19,32,6,6,4315.45,ok
house_of_graphs_0814,.,kolman,19,45,9,11,0.18,ok
house_of_graphs_0814,.,okamoto_exact,19,45,9,8,5421.62,ok
house_of_graphs_0954,.,kolman,18,25,4,7,0.1,ok
house_of_graphs_0954,.,okamoto_exact,18,25,4,5,1746.23,ok
house_of_graphs_1294,.,kolman,19,38,4,8,0.24,ok
house_of_graphs_1294,.,okamoto_exact,19,38,4,6,4611.49,ok
house_of_graphs_1314,.,kolman,15,45,6,12,0.11,ok
house_of_graphs_1314,.,okamoto_exact,15,45,6,8,45.31,ok
house_of_graphs_1354,.,kolman,16,46,9,10,0.13,ok
house_of_graphs_1354,.,okamoto_exact,16,46,9,8,169.31,ok
house_of_graphs_1834,.,kolman,19,27,3,6,0.2,ok
house_of_graphs_1834,.,okamoto_exact,19,27,3,5,4561.61,ok
house_of_graphs_1974,.,kolman,18,101,17,52,0.19,ok
house_of_graphs_1974,.,okamoto_exact,18,101,17,17,1705.12,ok
house_of_graphs_0034,.,kolman,14,13,4,1,0.0,ok
house_of_graphs_0034,.,okamoto_exact,14,13,4,1,6.59,ok
house_of_graphs_0394,.,kolman,18,63,7,18,0.07,ok
house_of_graphs_0394,.,okamoto_exact,18,63,7,12,943.41,ok
house_of_graphs_0434,.,kolman,14,21,3,6,0.01,ok
house_of_graphs_0434,.,okamoto_exact,14,21,3,4,7.33,ok
house_of_graphs_0534,.,kolman,19,46,10,10,0.14,ok
house_of_graphs_0534,.,okamoto_exact,19,46,10,7,3271.08,ok
house_of_graphs_0594,.,kolman,19,45,10,10,0.29,ok
house_of_graphs_0594,.,okamoto_exact,19,45,10,7,3215.71,ok
house_of_graphs_0654,.,kolman,19,44,9,10,0.22,ok
house_of_graphs_0654,.,okamoto_exact,19,44,9,7,3341.69,ok
house_of_graphs_1054,.,kolman,18,26,4,6,0.14,ok
house_of_graphs_1054,.,okamoto_exact,18,26,4,5,1057.15,ok
house_of_graphs_1534,.,kolman,15,25,4,8,0.07,ok
house_of_graphs_1534,.,okamoto_exact,15,25,4,8,23.17,ok
house_of_graphs_1574,.,kolman,16,32,4,8,0.02,ok
house_of_graphs_1574,.,okamoto_exact,16,32,4,8,74.09,ok
house_of_graphs_1614,.,kolman,16,32,4,8,0.04,ok
house_of_graphs_1614,.,okamoto_exact,16,32,4,8,71.72,ok
house_of_graphs_1754,.,kolman,19,19,4,2,0.16,ok
house_of_graphs_1754,.,okamoto_exact,19,19,4,2,2763.03,ok
house_of_graphs_0414,.,kolman,16,28,4,7,0.02,ok
house_of_graphs_0414,.,okamoto_exact,16,28,4,6,79.73,ok
house_of_graphs_0634,.,kolman,19,44,10,10,0.14,ok
house_of_graphs_0634,.,okamoto_exact,19,44,10,7,3129.09,ok
house_of_graphs_0714,.,kolman,19,45,9,10,0.24,ok
house_of_graphs_0714,.,okamoto_exact,19,45,9,7,3155.45,ok
house_of_graphs_0974,.,kolman,18,26,4,8,0.18,ok
house_of_graphs_0974,.,okamoto_exact,18,26,4,5,994.68,ok
house_of_graphs_1474,.,kolman,18,72,8,24,0.12,ok
house_of_graphs_1474,.,okamoto_exact,18,72,8,18,609.56,ok
house_of_graphs_1634,.,kolman,16,25,5,6,0.17,ok
house_of_graphs_1634,.,okamoto_exact,16,25,5,5,74.33,ok
house_of_graphs_1674,.,kolman,19,18,3,1,0.0,ok
house_of_graphs_1674,.,okamoto_exact,19,18,3,1,0.0,ok
house_of_graphs_1814,.,kolman,18,56,14,28,0.07,ok
house_of_graphs_1814,.,okamoto_exact,18,56,14,16,832.61,ok
house_of_graphs_1894,.,kolman,14,26,7,9,0.06,ok
house_of_graphs_1894,.,okamoto_exact,14,26,7,8,6.32,ok
house_of_graphs_1914,.,kolman,19,18,2,1,0.0,ok
house_of_graphs_1914,.,okamoto_exact,19,18,2,1,2703.22,ok
house_of_graphs_0094,.,kolman,19,54,6,19,0.13,ok
house_of_graphs_0094,.,okamoto_exact,19,54,6,13,2559.2,ok
house_of_graphs_0114,.,kolman,19,54,6,18,0.3,ok
house_of_graphs_0114,.,okamoto_exact,19,54,6,13,2604.02,ok
house_of_graphs_0314,.,kolman,18,27,3,7,0.2,ok
house_of_graphs_0314,.,okamoto_exact,18,27,3,5,820.51,ok
house_of_graphs_0374,.,kolman,16,32,5,7,0.02,ok
house_of_graphs_0374,.,okamoto_exact,16,32,5,6,75.28,ok
house_of_graphs_0834,.,kolman,19,47,11,12,0.14,ok
house_of_graphs_0834,.,okamoto_exact,19,47,11,9,3240.47,ok
house_of_graphs_1114,.,kolman,18,26,4,6,0.14,ok
house_of_graphs_1114,.,okamoto_exact,18,26,4,5,981.71,ok
house_of_graphs_1234,.,kolman,18,25,4,7,0.07,ok
house_of_graphs_1234,.,okamoto_exact,18,25,4,4,857.17,ok
house_of_graphs_1494,.,kolman,19,63,8,26,0.17,ok
house_of_graphs_1494,.,okamoto_exact,19,63,8,14,2796.13,ok
house_of_graphs_1694,.,kolman,16,40,5,14,0.21,ok
house_of_graphs_1694,.,okamoto_exact,16,40,5,11,58.01,ok
house_of_graphs_1874,.,kolman,15,26,5,7,0.03,ok
house_of_graphs_1874,.,okamoto_exact,15,26,5,6,29.68,ok
house_of_graphs_0014,.,kolman,14,13,3,1,0.0,ok
house_of_graphs_0014,.,okamoto_exact,14,13,3,1,0.0,ok
house_of_graphs_0074,.,kolman,19,53,6,20,0.08,ok
house_of_graphs_0074,.,okamoto_exact,19,53,6,13,1983.17,ok
house_of_graphs_0154,.,kolman,19,37,5,12,0.08,ok
house_of_graphs_0154,.,okamoto_exact,19,37,5,8,1935.53,ok
house_of_graphs_0174,.,kolman,19,37,4,10,0.13,ok
house_of_graphs_0174,.,okamoto_exact,19,37,4,9,1935.42,ok
house_of_graphs_0274,.,kolman,19,31,6,9,0.14,ok
house_of_graphs_0274,.,okamoto_exact,19,31,6,5,1977.71,ok
house_of_graphs_0294,.,kolman,19,34,5,11,0.13,ok
house_of_graphs_0294,.,okamoto_exact,19,34,5,7,1955.06,ok
house_of_graphs_0454,.,kolman,16,24,3,5,0.06,ok
house_of_graphs_0454,.,okamoto_exact,16,24,3,4,51.05,ok
house_of_graphs_0554,.,kolman,19,45,10,10,0.08,ok
house_of_graphs_0554,.,okamoto_exact,19,45,10,6,2032.48,ok
house_of_graphs_0614,.,kolman,19,44,9,9,0.13,ok
house_of_graphs_0614,.,okamoto_exact,19,44,9,8,2023.13,ok
house_of_graphs_0874,.,kolman,19,45,9,9,0.13,ok
house_of_graphs_0874,.,okamoto_exact,19,45,9,7,2010.49,ok
house_of_graphs_0934,.,kolman,18,25,4,7,0.04,ok
house_of_graphs_0934,.,okamoto_exact,18,25,4,5,641.63,ok
house_of_graphs_1074,.,kolman,18,25,4,6,0.06,ok
house_of_graphs_1074,.,okamoto_exact,18,25,4,5,639.24,ok
house_of_graphs_1094,.,kolman,18,25,4,6,0.04,ok
house_of_graphs_1094,.,okamoto_exact,18,25,4,5,637.7,ok
house_of_graphs_1174,.,kolman,18,25,4,5,0.06,ok
house_of_graphs_1174,.,okamoto_exact,18,25,4,5,639.23,ok
house_of_graphs_1194,.,kolman,18,25,4,6,0.04,ok
house_of_graphs_1194,.,okamoto_exact,18,25,4,5,640.56,ok
house_of_graphs_1214,.,kolman,18,26,5,7,0.06,ok
house_of_graphs_1214,.,okamoto_exact,18,26,5,5,634.13,ok
house_of_graphs_1514,.,kolman,14,49,8,20,0.03,ok
house_of_graphs_1514,.,okamoto_exact,14,49,8,12,4.48,ok
house_of_graphs_1714,.,kolman,14,21,4,6,0.0,ok
house_of_graphs_1714,.,okamoto_exact,14,21,4,6,3.86,ok
house_of_graphs_1774,.,kolman,15,36,6,12,0.01,ok
house_of_graphs_1774,.,okamoto_exact,15,36,6,10,13.6,ok
house_of_graphs_1794,.,kolman,16,28,14,14,0.01,ok
house_of_graphs_1794,.,okamoto_exact,16,28,14,14,36.92,ok
